<?xml version="1.0" encoding="UTF-8"?>
<samplerbank>
	<sample path="talking-drum-3.vdjsample" filesize="5715" col="0" row="0" />
	<sample path="Video\talking-drum-4.mp3" filesize="2108" col="1" row="0" />
	<sample path="Video\talking-drum-5.vdjsample" filesize="5651" col="2" row="0" />
	<sample path="Video\BO Bongo 018 HC.wav" filesize="178112" col="3" row="0" />
	<sample path="Video\talking-drum-3.vdjsample" filesize="5552" col="0" row="1" />
	<sample path="Video\effect-5-okay-ooooo.vdjsample" filesize="86676" col="1" row="1" />
	<sample path="Audio\909 Cym4 Ubkfatso St GB.wav" filesize="751422" col="2" row="1" />
	<sample path="C:\Users\USER\Documents\VirtualDJ\drum kit\BO-Relaxed-03-GC.mp3" filesize="11702" col="3" row="1" />
	<sample path="C:\Users\USER\Documents\DJKaywise-DrumKits-2020_africandjspool.com_\DJ Kaywise DrumKits\BO Bongo 018 HC.wav" filesize="178112" col="0" row="2" />
	<sample path="talking-drum-5.vdjsample" filesize="8677" col="1" row="2" />
	<sample path="talking-drum-4.vdjsample" filesize="9316" col="2" row="2" />
	<sample path="Audio\talking-drum-3.vdjsample" filesize="5759" col="3" row="2" />
</samplerbank>
