<Skin name="Vinyl Video" version="8.3" author="Dj Santi" width="1920" height="1080" nbdecks="2" comment="Skin created by Fandos dj remix by dj Santi" preview="Skinpreview.png">


-----------COLORES 38 Y 13----------------------

<define class="beat_bar">
				<size width="28" height="10"/>
				<off shape="square" color="#0d0d0d" border_size="2" border="black"/>
				<on shape="square" color="green" border_size="2" border="black"/>
                                <over shape="square" color="#262626" border_size="2" border="black"/>
			</define>



-------------------------BEAT MATCHER---------------------------------

<group name="beat_matcher" x="840" y="8">
	  
			<group name="phrase" x="+0" y="+0">
				<deck deck="left">
					<visual source="get_beat_counter" type="circle" >
						<pos x="+0" y="+0"/>
						<size width="40" height="40"/>
						<off shape="circle" color="#0d0d0d" border_size="2" border="black" />
						<on shape="circle" color="#0066cc" border_size="2" border="black" />
					</visual>
					<visual>
						<pos x="+5" y="+5"/>
						<size width="30" height="30"/>
						<off shape="circle" color="#262626"/>
					</visual>
					<textzone>
						<pos x="+0" y="+0"/>
						<size width="40" height="40"/>
						<text size="18" color="#eeeeee" align="center" weight="bold" action="get_beat_counter"/>
					</textzone>
					<button action="goto +4" rightclick="goto -4" >
						<pos x="+0" y="+0"/>
						<size width="40" height="40"/>
					</button>
				</deck>  	
			</group>
			<group name="beatbar" x="+56" y="+5">
				<deck deck="left">
                                    

					<button class="beat_bar" x="+0" y="+0" action="goto_bar 1" />
					<button class="beat_bar" x="+33" y="+0" action="goto_bar 2" />
					<button class="beat_bar" x="+33+33" y="+0" action="goto_bar 3" />
					<button class="beat_bar" x="+33+33+33" y="+0" action="goto_bar 4" />
				</deck>
				
				<deck deck="right">
                             

					<button class="beat_bar" x="+0" y="+14+6" action="goto_bar 1"/>
					<button class="beat_bar" x="+33" y="+14+6" action="goto_bar 2"/>
					<button class="beat_bar" x="+33+33" y="+14+6" action="goto_bar 3"/>
					<button class="beat_bar" x="+33+33+33" y="+14+6" action="goto_bar 4"/>
				</deck>
			</group>
			<group name="phrase" x="+199" y="+0">
				<deck deck="right">
					<visual source="get_beat_counter" type="circle">
						<pos x="+0" y="+0"/>
						<size width="40" height="40"/>
						<off shape="circle" color="#0d0d0d" border_size="2" border="black"/>
						<on shape="circle" color="#cc0000" border_size="2" border="black"/>
					</visual>
					<visual>
						<pos x="+5" y="+5"/>
						<size width="30" height="30"/>
						<off shape="circle" color="#262626"/>
					</visual>
					<textzone>
						<pos x="+0" y="+0"/>
						<size width="40" height="40"/>
						<text size="18" color="#eeeeee" align="center" weight="bold" action="get_beat_counter"/>
					</textzone>
					<button action="goto +4" rightclick="goto -4">
						<pos x="+0" y="+0"/>
						<size width="40" height="40"/>
					</button>
				</deck>  	
			</group>
                      </group>



---------------------pad_page--------------------------------------------





					
					<button panel="browser" action="pad_page" deck="left">
						<size width="113" height="22"/>
	<pos x="100" y="137"/>
	
	 <over color="#262626"/>
						<text width="135" font="arial" color="#eeeeee" size="16" weight="bold" align="center" action="pad_page &amp; param_uppercase"/>
						<textover width="135" font="arial" color="#eeeeee" size="16" weight="bold" align="center" action="pad_page &amp; param_uppercase"/>
						
					</button>
					
					
				



					
					<button panel="browser" action="pad_page" deck="right">
						<size width="113" height="22"/>
	<pos x="1707" y="137"/>
	 
	<over color="#262626"/>
						<text width="135" font="arial" color="#eeeeee" size="16" weight="bold" align="center" action="pad_page &amp; param_uppercase"/>
						<textover width="135" font="arial" color="#eeeeee" size="16" weight="bold" align="center" action="pad_page &amp; param_uppercase"/>
						
					</button>
					
					
				



-------------------------------padbutton-------------------------------------


					
					
						<button panel="browser" action="pad 1" deck="left" rightclick="padshift 1">
                                                <pos x="100" y="173"/>
  <size width="63" height="53"/>
  <selected x="1718" y="2334"/>
  
 <over x="1414" y="824"/>
							<text action="pad 1"  size="18" weight="bold" color="#eeeeee" align="center"/><textover action="pad 1" size="18" weight="bold" color="#eeeeee" align="center"/><textdown action="pad 1" size="18" weight="bold" color="#eeeeee" align="center"/><textselected action="pad 1" size="18" weight="bold" color="#eeeeee" align="center"/>
						</button>
						<visual visibility="pad_pressure 1 ? true"></visual>
						<visual source="pad_pressure 1" visibility="pad_pressure 1 ? true"></visual>
						<visual source="pad_color 1" visibility="pad_color 1 ? true"></visual>
					
					
						<button panel="browser" action="pad 2" deck="left" rightclick="padshift 2">
                                        <pos x="173" y="173"/>
  <size width="63" height="53"/>
  <selected x="1718" y="2334"/>
  
<over x="1414" y="824"/>
							<text action="pad 2" size="18" weight="bold" color="#eeeeee" align="center"/><textover action="pad 2" size="18" weight="bold" color="#eeeeee" align="center"/><textdown action="pad 2" size="18" weight="bold" color="#eeeeee" align="center"/><textselected action="pad 2" size="18" weight="bold" color="#eeeeee" align="center"/>
						</button>
						<visual visibility="pad_pressure 2 ? true"></visual>
						<visual source="pad_pressure 2" visibility="pad_pressure 2 ? true"></visual>
						<visual source="pad_color 2" visibility="pad_color 2 ? true"></visual>
					
					
						<button panel="browser" action="pad 3" deck="left" rightclick="padshift 3">
                                        <pos x="246" y="173"/>
  <size width="63" height="53"/>
  <selected x="1718" y="2334"/>
 
 <over x="1414" y="824"/>
							<text action="pad 3" size="18" weight="bold" color="#eeeeee" align="center"/><textover action="pad 3" size="18" weight="bold" color="#eeeeee" align="center"/><textdown action="pad 3" size="18" weight="bold" color="#eeeeee" align="center"/><textselected action="pad 3" size="18" weight="bold" color="#eeeeee" align="center"/>
						</button>
						<visual visibility="pad_pressure 3 ? true"></visual>
						<visual source="pad_pressure 3" visibility="pad_pressure 3 ? true"></visual>
						<visual source="pad_color 3" visibility="pad_color 3 ? true"></visual>
					
					
						<button panel="browser" action="pad 4" deck="left" rightclick="padshift 4">
                                        <pos x="319" y="173"/>
  <size width="63" height="53"/>
  <selected x="1718" y="2334"/>
  
 <over x="1414" y="824"/>
							<text action="pad 4" size="18" weight="bold" color="#eeeeee" align="center"/><textover action="pad 4" size="18" weight="bold" color="#eeeeee" align="center"/><textdown action="pad 4" size="18" weight="bold" color="#eeeeee" align="center"/><textselected action="pad 4" size="18" weight="bold" color="#eeeeee" align="center"/>
						</button>
						<visual visibility="pad_pressure 4 ? true"></visual>
						<visual source="pad_pressure 4" visibility="pad_pressure 4 ? true"></visual>
						<visual source="pad_color 4" visibility="pad_color 4 ? true"></visual>
					
					
						<button panel="browser" action="pad 5" deck="left" rightclick="padshift 5">
                                        <pos x="100" y="236"/>
  <size width="63" height="53"/>
  <selected x="1718" y="2334"/>
  
 <over x="1414" y="824"/>
							<text action="pad 5" size="18" weight="bold" color="#eeeeee" align="center"/><textover action="pad 5" size="18" weight="bold" color="#eeeeee" align="center"/><textdown action="pad 5" size="18" weight="bold" color="#eeeeee" align="center"/><textselected action="pad 5" size="18" weight="bold" color="#eeeeee" align="center"/>
						</button>
						<visual visibility="pad_pressure 5 ? true"></visual>
						<visual source="pad_pressure 5" visibility="pad_pressure 5 ? true"></visual>
						<visual source="pad_color 5" visibility="pad_color 5 ? true"></visual>
					
						<button panel="browser" action="pad 6" deck="left" rightclick="padshift 6">
                                        <pos x="173" y="236"/>
  <size width="63" height="53"/>
  <selected x="1718" y="2334"/>
  
 <over x="1414" y="824"/>
							<text action="pad 6" size="18" weight="bold" color="#eeeeee" align="center"/><textover action="pad 6" size="18" weight="bold" color="#eeeeee" align="center"/><textdown action="pad 6" size="18" weight="bold" color="#eeeeee" align="center"/><textselected action="pad 6" size="18" weight="bold" color="#eeeeee" align="center"/>
						</button>
						<visual visibility="pad_pressure 6 ? true"></visual>
						<visual source="pad_pressure 6" visibility="pad_pressure 6 ? true"></visual>
						<visual source="pad_color 6" visibility="pad_color 6 ? true"></visual>
					
						<button panel="browser" action="pad 7" deck="left" rightclick="padshift 7">
                                        <pos x="246" y="236"/>
  <size width="63" height="53"/>
  <selected x="1718" y="2334"/>
  
 <over x="1414" y="824"/>
							<text action="pad 7" size="18" weight="bold" color="#eeeeee" align="center"/><textover action="pad 7" size="18" weight="bold" color="#eeeeee" align="center"/><textdown action="pad 7" size="18" weight="bold" color="#eeeeee" align="center"/><textselected action="pad 7" size="18" weight="bold" color="#eeeeee" align="center"/>
						</button>
						<visual visibility="pad_pressure 7 ? true"></visual>
						<visual source="pad_pressure 7" visibility="pad_pressure 7 ? true"></visual>
						<visual source="pad_color 7" visibility="pad_color 7 ? true"></visual>
					
						<button panel="browser" action="pad 8" deck="left" rightclick="padshift 8">
                                        <pos x="319" y="236"/>
  <size width="63" height="53"/>
  <selected x="1718" y="2334"/>
  
 <over x="1414" y="824"/>
							<text action="pad 8" size="18" weight="bold" color="#eeeeee" align="center"/><textover action="pad 8" size="18" weight="bold" color="#eeeeee" align="center"/><textdown action="pad 8" size="18" weight="bold" color="#eeeeee" align="center"/><textselected action="pad 8" size="18" weight="bold" color="#eeeeee" align="center"/>
						</button>
						<visual visibility="pad_pressure 8 ? true"></visual>
						<visual source="pad_pressure 8" visibility="pad_pressure 8 ? true"></visual>
						<visual source="pad_color 8" visibility="pad_color 8 ? true"></visual>
					

				
			



					
					
						<button panel="browser" action="pad 1" deck="right" rightclick="padshift 1">
                                                
  <pos x="1538" y="173"/>
  <size width="63" height="53"/>
  <selected x="1791" y="2334"/>
  
 <over x="1414" y="824"/>
							<text action="pad 1" size="18" weight="bold" color="#eeeeee" align="center"/><textover action="pad 1" size="18" weight="bold" color="#eeeeee" align="center"/><textdown action="pad 1" size="18" weight="bold" color="#eeeeee" align="center"/><textselected action="pad 1" size="18" weight="bold" color="#eeeeee" align="center"/>
						</button>
						<visual visibility="pad_pressure 1 ? true"></visual>
						<visual source="pad_pressure 1" visibility="pad_pressure 1 ? true"></visual>
						<visual source="pad_color 1" visibility="pad_color 1 ? true"></visual>
					
						<button panel="browser" action="pad 2" deck="right" rightclick="padshift 2">
                                        <pos x="1611" y="173"/>
 <size width="63" height="53"/>
  <selected x="1791" y="2334"/>
  
 <over x="1414" y="824"/>
							<text action="pad 2" size="18" weight="bold" color="#eeeeee" align="center"/><textover action="pad 2" size="18" weight="bold" color="#eeeeee" align="center"/><textdown action="pad 2" size="18" weight="bold" color="#eeeeee" align="center"/><textselected action="pad 2" size="18" weight="bold" color="#eeeeee" align="center"/>
						</button>
						<visual visibility="pad_pressure 2 ? true"></visual>
						<visual source="pad_pressure 2" visibility="pad_pressure 2 ? true"></visual>
						<visual source="pad_color 2" visibility="pad_color 2 ? true"></visual>
					
						<button panel="browser" action="pad 3" deck="right" rightclick="padshift 3">
                                        <pos x="1684" y="173"/>
  <size width="63" height="53"/>
  <selected x="1791" y="2334"/>
  
 <over x="1414" y="824"/>
							<text action="pad 3" size="18" weight="bold" color="#eeeeee" align="center"/><textover action="pad 3" size="18" weight="bold" color="#eeeeee" align="center"/><textdown action="pad 3" size="18" weight="bold" color="#eeeeee" align="center"/><textselected action="pad 3" size="18" weight="bold" color="#eeeeee" align="center"/>
						</button>
						<visual visibility="pad_pressure 3 ? true"></visual>
						<visual source="pad_pressure 3" visibility="pad_pressure 3 ? true"></visual>
						<visual source="pad_color 3" visibility="pad_color 3 ? true"></visual>
					
						<button panel="browser" action="pad 4" deck="right" rightclick="padshift 4">
                                        <pos x="1757" y="173"/>
  <size width="63" height="53"/>
  <selected x="1791" y="2334"/>
 
 <over x="1414" y="824"/>
							<text action="pad 4" size="18" weight="bold" color="#eeeeee" align="center"/><textover action="pad 4" size="18" weight="bold" color="#eeeeee" align="center"/><textdown action="pad 4" size="18" weight="bold" color="#eeeeee" align="center"/><textselected action="pad 4" size="18" weight="bold" color="#eeeeee" align="center"/>
						</button>
						<visual visibility="pad_pressure 4 ? true"></visual>
						<visual source="pad_pressure 4" visibility="pad_pressure 4 ? true"></visual>
						<visual source="pad_color 4" visibility="pad_color 4 ? true"></visual>
					
						<button panel="browser" action="pad 5" deck="right" rightclick="padshift 5">
                                        <pos x="1538" y="236"/>
  <size width="63" height="53"/>
  <selected x="1791" y="2334"/>
  
 <over x="1414" y="824"/>
							<text action="pad 5" size="18" weight="bold" color="#eeeeee" align="center"/><textover action="pad 5" size="18" weight="bold" color="#eeeeee" align="center"/><textdown action="pad 5" size="18" weight="bold" color="#eeeeee" align="center"/><textselected action="pad 5" size="18" weight="bold" color="#eeeeee" align="center"/>
						</button>
						<visual visibility="pad_pressure 5 ? true"></visual>
						<visual source="pad_pressure 5" visibility="pad_pressure 5 ? true"></visual>
						<visual source="pad_color 5" visibility="pad_color 5 ? true"></visual>
					
						<button panel="browser" action="pad 6" deck="right" rightclick="padshift 6">
                                        <pos x="1611" y="236"/>
  <size width="63" height="53"/>
  <selected x="1791" y="2334"/>
  
 <over x="1414" y="824"/>
							<text action="pad 6" size="18" weight="bold" color="#eeeeee" align="center"/><textover action="pad 6" size="18" weight="bold" color="#eeeeee" align="center"/><textdown action="pad 6" size="18" weight="bold" color="#eeeeee" align="center"/><textselected action="pad 6" size="18" weight="bold" color="#eeeeee" align="center"/>
						</button>
						<visual visibility="pad_pressure 6 ? true"></visual>
						<visual source="pad_pressure 6" visibility="pad_pressure 6 ? true"></visual>
						<visual source="pad_color 6" visibility="pad_color 6 ? true"></visual>
					
						<button panel="browser" action="pad 7" deck="right" rightclick="padshift 7">
                                        <pos x="1684" y="236"/>
  <size width="63" height="53"/>
  <selected x="1791" y="2334"/>
  
 <over x="1414" y="824"/>
							<text action="pad 7" size="18" weight="bold" color="#eeeeee" align="center"/><textover action="pad 7" size="18" weight="bold" color="#eeeeee" align="center"/><textdown action="pad 7" size="18" weight="bold" color="#eeeeee" align="center"/><textselected action="pad 7" size="18" weight="bold" color="#eeeeee" align="center"/>
						</button>
						<visual visibility="pad_pressure 7 ? true"></visual>
						<visual source="pad_pressure 7" visibility="pad_pressure 7 ? true"></visual>
						<visual source="pad_color 7" visibility="pad_color 7 ? true"></visual>
					
						<button panel="browser" action="pad 8" deck="right" rightclick="padshift 8">
                                        <pos x="1757" y="236"/>
  <size width="63" height="53"/>
  <selected x="1791" y="2334"/>
  
 <over x="1414" y="824"/>
							<text action="pad 8" size="18" weight="bold" color="#eeeeee" align="center"/><textover action="pad 8" size="18" weight="bold" color="#eeeeee" align="center"/><textdown action="pad 8" size="18" weight="bold" color="#eeeeee" align="center"/><textselected action="pad 8" size="18" weight="bold" color="#eeeeee" align="center"/>
						</button>
						<visual visibility="pad_pressure 8 ? true"></visual>
						<visual source="pad_pressure 8" visibility="pad_pressure 8 ? true"></visual>
						<visual source="pad_color 8" visibility="pad_color 8 ? true"></visual>
					

							
----------------------------------pad slicer------------------------------------------------------------


<button panel="browser" deck="left" class="padarrowright" action="pad_param" >
							
						</button>

<button panel="browser" deck="right" class="padarrowright" action="pad_param" >
							
						</button>
					
						

                                    

						
				

------------------------------------------------------------------------------------------------

				<menu name="deckoptions">
					<size width="125" height="31"></size>
	<pos x="11" y="11"></pos>
                  
        
					
					
				 
					<submenu text="Automatic">
						<submenu text="Auto BPM Match">
							<item text="No" action="setting 'autobpmmatch' 'no'" check="setting 'autobpmmatch' 'no'"/>
							<item text="Smart" action="setting 'autobpmmatch' 'smart'" check="setting 'autobpmmatch' 'smart'"/>
							<item text="Always" action="setting 'autobpmmatch' 'always'" check="setting 'autobpmmatch' 'always'"/>
						</submenu>
						<submenu text="Auto Cue">
							<item text="No" action="setting 'autocue' 'no'" check="setting 'autocue' 'no'"/>
							<item text="Skip Silence" action="setting 'autocue' 'skip silence'" check="setting 'autocue' 'skip silence'"/>
							<item text="First Beat" action="setting 'autocue' 'first beat'" check="setting 'autocue' 'first beat'"/>
							<item text="Cue" action="setting 'autocue' 'cue'" check="setting 'autocue' 'cue'"/>
							<item text="Cue/Skip Silence" action="setting 'autocue' 'cue/skip silence'" check="setting 'autocue' 'cue/skip silence'"/>
						</submenu>
						<item text="Auto Pitch Range" action="setting 'autopitchrange'" check="setting 'autopitchrange'"/>
						<item text="Auto Loop Move" action="setting 'loopautomove'" check="setting 'loopautomove'"/>
						<item text="Auto Key Match" action="setting 'autoKey'" check="setting 'autoKey'"/>
						<item text="Reset Pitch On Load" action="setting 'resetPitchOnLoad'" check="setting 'resetPitchOnLoad'"/>
						<item text="Reset EQ On Load" action="setting 'resetEqOnLoad'" check="setting 'resetEqOnLoad'"/>
						<item text="Reset FX On Load" action="setting 'resetFxOnLoad'" check="setting 'resetFxOnLoad'"/>
					</submenu>
                                        <item text="-"/>

                                        <submenu text="Quantize">
						<item text="Smart Play" action="smart_play" check="smart_play"/>
						<item text="Smart Cue" action="smart_cue" check="smart_cue"/>
						<item text="Smart Loop" action="smart_loop" check="smart_loop"/>
                                                <item text="Loop Back" action="loop_back" check="loop_back"/>
						<item text="Quantize Setting Cue" action="quantize_setcue" check="quantize_setcue"/>
						<item text="Quantize Loop Position" action="quantize_loop" check="quantize_loop"/>
					</submenu>
                                        

                                     

                                       
                                        
					
				</menu>
				
			



-----------------------------------------------------------------------------------------
				




<textzone resetcounter="true">
	<size width="107" height="28"></size>
	<pos x="161" y="13"></pos>
       
        <text dx="0" dy="0" font="arial" size="25" align="center" weight="bold" color="#eeeeee" format="%fullhour"></text>
	<text2 dx="0" dy="0" font="arial" size="25" align="center" weight="bold" color="#eeeeee" format="%counter"></text2>
</textzone>

 <group name="battery" x="295" y="11"> 
		  
		<visual visibility="is_battery">
			<Tooltip></Tooltip>
			<size width="80" height="30"/>
			<pos x="+0" y="+0"/>
			<off x="1531" y="2357"/>
		</visual>
		<visual type="linear" source="get_battery" orientation="horizontal" visibility="is_battery">
			<Tooltip>Battery Indicator</Tooltip>
			<size width="60" height="21"/>
			<pos x="+6" y="+6"/>
			<off x="1536" y="2363"/>
			<on x="1621" y="2363"/>	
		</visual>
		<visual visibility="not is_battery">
			<Tooltip>AC Power</Tooltip>
			<size width="80" height="30"/>
			<pos x="+0" y="+0"/>
			<off x="1531" y="2396"/>
		</visual>
</group>


 --- Logo ---
 <logo>
  
	<size width="125" height="31"></size>
	<pos x="10" y="10"></pos>
 </logo>

 
 <button action="settings">
	<size width="65" height="24"/>
	<pos x="1581" y="14"/>
	
        
        <over color="#262626"/>
        <text dx="0" dy="0" font="arial" color="#eeeeee" weight="bold" align="center"  size="20" format="Setup"/>
</button>

<button action="deck all smart_play & deck all smart_cue & deck all quantize_setcue & deck all quantize_loop & deck all check smart_play & deck all check smart_cue & deck all check quantize_setcue & deck all check quantize_loop">
	<size width="25" height="26"/>
	<pos x="416" y="13"/>
	<on color="#999900"/>
        
        <over color="#262626"/>
        <text dx="0" dy="0" font="arial" color="#eeeeee" weight="bold" align="center"  size="20" format="Q"/>
</button>




--- Minimize ---
<button action="minimize">
	<size width="31" height="24"/>
	<pos x="1789" y="14"/>
        <over color="#262626"/>
<text dx="0" dy="-8" font="arial" size="40" weight="bold" align="center" color="#eeeeee"  format="-"/>
</button>
--- Maximize ---
<button action="maximize" rightclick="maximize off">
	<size width="31" height="24"/>
	<pos x="1834" y="14"/>
        <over color="#262626"/>
<text dx="2" dy="1" font="arial" size="30" weight="bold" align="center" color="#eeeeee"  format="+"/>
</button>
--- Close ---
<button action="close">
	<size width="31" height="24"/>
	<pos x="1879" y="14"/>
        <over color="#cc0000"/>
<text dx="0" dy="-5" font="arial" size="30" weight="bold" align="center" color="#eeeeee"  format="x"/>
</button>




--- Vumeter master ---
 


 <visual source="get_vu_meter_left 'master'" type="linear" orientation="horizontal" visibility="get_hasmaster" >
  <pos x="1367" y="7"/>
  <size width="151" height="22"/>
  <down x="231" y="961"/>
  <off x="231" y="1012"/>
 </visual>

 <visual source="get_vu_meter_right 'master'" type="linear" orientation="horizontal" visibility="get_hasmaster" >
  <pos x="1367" y="27"/>
  <size width="151" height="22"/>
  <down x="231" y="980"/>
  <off x="231" y="1031"/>
 </visual>


 
------------------------cpu-------------------------------------------
<visual type="linear" source="get cpu" orientation="horizontal">
	<size width="86" height="27"/>
	<pos x="1677" y="13"/>
	<down x="1802" y="1114"/>	
</visual>



xxxxxxxxxxxxxxxxxxxxxxxxxxxxxxxxxxxxxxxxselectedxxxxxxxxxxxxxxxxxxxxxxxxxxxxxxxxxxxxxxxxxxxxx

<button action="deck left select" rightclick="invert_deck 'left' & deck left select">
                <pos x="10" y="60"/> 
	<size width="35" height="62"/> 
                <selected color="#0066cc"/>
                <over color="#262626"/>
                <text dx="0" dy="0" font="arial" size="45" weight="bold" align="center" color="#eeeeee" action="get_deck"/>
</button>

<button action="deck right select" rightclick="invert_deck 'right' & deck right select">
	<pos x="1875" y="60"/> 
	<size width="35" height="62"/> 
	<over color="#262626"/>
        <selected color="#cc0000"/> 
              <text dx="0" dy="0"  font="arial" size="45" weight="bold" align="center" color="#eeeeee" action="get_deck"/>
</button>

---------------------------SCRATCHWAVE panel mixer-----------------------------------------








------------------scratchwave panel browser-----------------------------------------


<scratchwave panel="browser" deck="left" orientation="horizontal" >
      <pos x="207" y="428"/>
      <size width="1505" height="59"/>
      <grid mirrored="yes" pos="+0" height="7" size="1" mainsize="4"  />
     <overlay>
			<size width="3" height="59"/>
			<pos x="958" y="427"/>
			<background x="958" y="427"/>
			</overlay>
    </scratchwave>
<scratchwave panel="browser" deck="right" orientation="horizontal">
      <pos x="207" y="488"/>
      <size width="1505" height="59"/>
      <grid mirrored="yes" pos="+0" height="7" size="1" mainsize="4"  />
      <overlay>
			<size width="3" height="59"/>
			<pos x="958" y="486"/>
			<background x="958" y="427"/>
			</overlay>
    </scratchwave>




------------------scratchwave panel BIG browser-----------------------------------------


<scratchwave panel="browser_zoom" deck="left" orientation="horizontal">
      <pos x="207" y="131"/>
      <size width="1505" height="59"/>
      <grid mirrored="yes" pos="+0" height="7" size="1" mainsize="4"  />
     <overlay>
			<size width="3" height="59"/>
			<pos x="958" y="131"/>
			<background x="958" y="427"/>
			</overlay>
    </scratchwave>
<scratchwave panel="browser_zoom" deck="right" orientation="horizontal">
      <pos x="207" y="191"/>
      <size width="1505" height="59"/>
      <grid mirrored="yes" pos="+0" height="7" size="1" mainsize="4"  />
      <overlay>
			<size width="3" height="59"/>
			<pos x="958" y="191"/>
			<background x="958" y="427"/>
			</overlay>
    </scratchwave>



mmmmmmmmmmmmmmmmmmmmmmmmmmmmmmmparte nuevammmmmmmmmmmmmmmmmmmmmmmmmmmmmmmmmmmmmmmmmmmmmmmmm
<panel id="audiomixer" group="mixer"  visible="not browser_zoom">
 <pos x="694" y="58"/>
    <size width="532" height="361"/>
   
   
  </panel>


<panel id="videomixer" group="mixer"  visible="not browser_zoom">
    <pos x="694" y="58"/>
    <size width="532" height="361"/>
    <down x="1380" y="1733"/>
  </panel>





<button action="skin_panelgroup 'mixer' +1">
    
                     <size width="63" height="24"/>
	<pos x="484" y="14"/>
                   
        
        <over color="#262626"/>
   <text dx="0" dy="0" font="arial" color="#eeeeee" weight="bold" size="20" align="center" format="Panel"/>
  </button>


 

  
----------------------------------------------------------
<panel  id="browser"  visible="not browser_zoom">
   
  </panel>

  <panel  id="browser_zoom"  visible="browser_zoom">
  <size width="531" height="73"/>
	<pos x="694" y="55"/>
        <down x="128" y="833"/>
  </panel>
  
  <panel  id="browser_zoom"  visible="browser_zoom">
  <size width="1912" height="136"/>
	<pos x="4" y="128"/>
        <down x="4" y="425"/>
  </panel>



  





----------------DROOP ZONE---------------------------

<dropzone panel="browser" deck="left">
	<size width="679" height="359"/>
	<pos x="7" y="58"/>
</dropzone>
<dropzone panel="browser" deck="right">
	<size width="679" height="359"/>
	<pos x="1231" y="58"/>
</dropzone>


<dropzone panel="browser_zoom" deck="left">
	<size width="679" height="68"/>
	<pos x="7" y="58"/>
</dropzone>
<dropzone panel="browser_zoom" deck="right">
	<size width="679" height="68"/>
	<pos x="1231" y="58"/>
</dropzone>



-------------------------VUMETER----------------------------------

--- Vumeter left ---
 <visual panel="browser" source="deck left get level_left" type="linear" orientation="vertical" direction="up">
  <pos x="647" y="267"/>
  <size width="17" height="141"/>
  <down x="735" y="1274"/>
 </visual>


 --- Vumeter right ---
 <visual panel="browser" source="deck left get level_right" type="linear" orientation="vertical" direction="up">
  <pos x="666" y="267"/>
  <size width="17" height="141"/>
  <down x="735" y="1274"/>
 </visual>


--- Vumeter left ---
 <visual panel="browser" source="deck right get level_left" type="linear" orientation="vertical" direction="up">
  <pos x="1237" y="267"/>
  <size width="17" height="141"/>
  <down x="753" y="1274"/>
 </visual>

 --- Vumeter right ---
 <visual panel="browser" source="deck right get level_right" type="linear" orientation="vertical" direction="up">
  <pos x="1256" y="267"/>
  <size width="17" height="141"/>
  <down x="735" y="1274"/>
 </visual>

----------------------------------------------------------------------------------------------------------------------


<textzone panel="browser" deck="left" visibility="deck left loaded">
	<size width="96" height="42"/>
	<pos x="472" y="225"/>
	<text font="arial" size="42" color="#eeeeee" align="center" weight="bold" format="%Pbpm"></text>
</textzone>


<button panel="browser" action="beat_tap" deck="left" visibility="deck left loaded" rightclick="edit_bpm">
				  <pos x="472" y="225"/>
				  
				  <size width="96" height="42"/>
				  
				</button>

<textzone panel="browser" deck="right" visibility="deck right loaded">
	<size width="96" height="42"/>
	<pos x="1352" y="225"/>
	<text font="arial" size="42" color="#eeeeee" align="center" weight="bold" format="%Pbpm"></text>
</textzone>

<button panel="browser" action="beat_tap" deck="right" visibility="deck right loaded" rightclick="edit_bpm">
				  <pos x="1352" y="225"/>
				  
				  <size width="96" height="42"/>
				  
				</button>


<textzone panel="browser" deck="left" rightclick="edit_poi">
	<size width="132" height="35"/>
	<pos x="454" y="352"/>
	<text font="arial" size="30" color="#eeeeee" align="center" weight="bold" format="%Pleft"/>
                    
</textzone>

<textzone panel="browser" deck="left" rightclick="edit_poi">
	<size width="132" height="35"/>
	<pos x="454" y="319"/>
	
        <text font="arial" size="30" color="#eeeeee" align="center" weight="bold" format="%Pspent"/>            
</textzone>



<textzone panel="browser" deck="right" rightclick="edit_poi">
	<size width="131" height="35"/>
	<pos x="1335" y="352"/>
	<text font="arial" size="30" color="#eeeeee" align="center" weight="bold" format="%Pleft"/>
        
                    
</textzone>

<textzone panel="browser" deck="right" rightclick="edit_poi">
	<size width="131" height="35"/>
	<pos x="1335" y="319"/>
	
        <text font="arial" size="30" color="#eeeeee" align="center" weight="bold" format="%Pspent"/>
                    
</textzone>




-------------------------------------------------------------------------------------------------------------------------------------------
<textzone deck="left" rightclick="edit_poi">
	<size width="633" height="21"/>
	<pos x="53" y="60"/>
	<text font="arial" size="20" align="center" weight="bold" color="#eeeeee" format="%Author - %title" scroll="yes"/>
                    
</textzone>



<textzone deck="right" rightclick="edit_poi">
	<size width="633" height="21"/>
	<pos x="1234" y="60"/>
	<text font="arial" size="20"  align="center" weight="bold" color="#eeeeee"  format="%Author - %title" scroll="yes"/>
                    
</textzone>





<textzone panel="browser" deck="left" visibility="deck left loaded" rightclick="edit_comment">
	<size width="70" height="28"/>
	<pos x="427" y="287"/>
	<text font="arial" size="28" color="#eeeeee"  weight="bold" align="center" format="%Ppitch" scroll="no"/>
                   
</textzone>

<textzone panel="browser" deck="right" visibility="deck right loaded" rightclick="edit_comment">
	<size width="70" height="28"/>
	<pos x="1307" y="287"/>
	<text font="arial" size="28" color="#eeeeee" weight="bold" align="center" format="%Ppitch" scroll="no"/>

</textzone>


<textzone panel="browser" deck="right" visibility="deck right loaded">
	<size width="70" height="28"/>
	<pos x="1422" y="287"/>
	<text font="arial" size="28" color="#eeeeee"  align="center" weight="bold" format="%pitchrange%%" scroll="no"/>
        
</textzone>

<textzone panel="browser" deck="left" visibility="deck left loaded">
	<size width="70" height="28"/>
	<pos x="544" y="287"/>
	<text font="arial" size="28" color="#eeeeee"  align="center" weight="bold" format="%pitchrange%%" scroll="no"/>
                   
</textzone>


<button panel="browser" action="deck left pitch_range" visibility="deck left loaded">
	<pos x="557" y="287"/>
	<size width="42" height="28"/>
             
</button>

<button panel="browser" action="deck right pitch_range" visibility="deck right loaded">
	<pos x="1434" y="287"/>
	<size width="42" height="28"/>
</button>







---------------------SONGPOS----------------------


<songpos deck="left" orientation="horizontal" >
	<pos x="53" y="83"/>
	<size width="633" height="39"/>
	<selected color="#0d0d0d"/>
	<cues>
	  <size width="10" height="10"/>
	  <clipmask x="209" y="1752"/>
          </cues>  
</songpos>

<songpos deck="right" orientation="horizontal" waveform="yes">
	<pos x="1234" y="83"/>
	<size width="633" height="39"/>
	<selected color="#0d0d0d"/>
	<cues>
          <size width="10" height="10"/>
	  <clipmask x="209" y="1752"/> 
	</cues>
</songpos>



-----------------------------------------------------------/* jogweel */------------------------------------------------------------------------



				<visual panel="browser" deck="left" type="rotation" visibility="deck left loaded" source="get rotation" factor="-3">
					<size width="218" height="218"/>
					<pos x="412" y="190"/>
					<down x="929" y="1375"/>
					<clipmask x="658" y="1613"/>
                                        
				</visual>


				<visual panel="browser" deck="left" type="circle" source="get position" visibility="var 'decktimes' 0 ? deck left songpos_remain 30000ms ? blink : true : false">
					 <size width="225" height="225"/>
					 <pos x="408" y="188"/>
					 <on x="399" y="2235"/>
					 <clipmask x="1133" y="1609"/>
                                          <off x="1666" y="824"/>                                        
                                         
				</visual>




----------------------------------------------------------------------------------------------------------------------------------------


				

				<visual panel="browser" deck="right" type="rotation" visibility="deck right loaded" source="get rotation" factor="-3">
					<size width="218" height="218"/>
					<pos x="1293" y="190"/>
					<down x="878" y="1613"/>
					<clipmask x="658" y="1613"/>
				</visual>


				<visual panel="browser" deck="right" type="circle" source="get position" visibility="var 'decktimes' 0 ? deck right songpos_remain 30000ms ? blink : true : false">
					<size width="225" height="225"/>
					<pos x="1289" y="188"/>
					<on x="1233" y="2212"/>
					<clipmask x="1133" y="1609"/>
                                        <off x="1666" y="824"/> 
                                        
				</visual>




-----------------------------keylook---------------------------

<button panel="browser" action="deck left master_tempo" rightclick="deck left key_lock">
	<size width="18" height="18"/>
	<pos x="421" y="199"/>
	<off shape="circle" color="#303030" border_size="3" border="black"/>
				<on shape="circle" color="green" border_size="3" border="black"/>

  </button>
<textzone panel="browser">
	<size width="60" height="18"></size>
	<pos x="421" y="199"></pos>
        
        <text dx="-39" dy="-34" font="arial" size="14" align="center" weight="bold" color="#eeeeee" format="TEMPO"></text>
</textzone>

<button panel="browser" action="deck right master_tempo" rightclick="deck right key_lock">
	<size width="18" height="18"/>
	<pos x="1302" y="199"/>
	<off shape="circle" color="#303030" border_size="3" border="black"/>
				<on shape="circle" color="green" border_size="3" border="black"/>
  </button>
<textzone panel="browser">
	<size width="60" height="18"></size>
	<pos x="1302" y="199"></pos>
        
        <text dx="-39" dy="-34" font="arial" size="14" align="center" weight="bold" color="#eeeeee" format="TEMPO"></text>
</textzone>
------------------VINYL-----------------------


<button  panel="browser" action="deck left vinyl_mode">

         <pos x="600" y="199"/>
        <size width="18" height="18"/>
				<off shape="circle" color="#303030" border_size="3" border="black"/>
				<on shape="circle" color="green" border_size="3" border="black"/>
</button>
<textzone panel="browser">
	<size width="60" height="18"></size>
	<pos x="600" y="199"></pos>
        
        <text dx="-39" dy="-34" font="arial" size="14" align="center" weight="bold" color="#eeeeee" format="VINYL"></text>
</textzone>

<button  panel="browser" action="deck right vinyl_mode">

         <pos x="1481" y="199"/>
        <size width="18" height="18"/>
				<off shape="circle" color="#303030" border_size="3" border="black"/>
				<on shape="circle" color="green" border_size="3" border="black"/>
</button>
<textzone panel="browser">
	<size width="60" height="18"></size>
	<pos x="1481" y="199"></pos>
        
        <text dx="-39" dy="-34" font="arial" size="14" align="center" weight="bold" color="#eeeeee" format="VINYL"></text>
</textzone>
-------------------------EJECT---------------------------------

 <button panel="browser" action="deck left unload" rightclick="deck right clone_deck left">
  <pos x="600" y="382"/>
<size width="18" height="18"/>
				<off shape="circle" color="#303030" border_size="3" border="black"/>
				<on shape="circle" color="green" border_size="3" border="black"/>
 </button>
<textzone panel="browser">
	<size width="60" height="18"></size>
	<pos x="600" y="399"></pos>
        
        <text dx="-39" dy="3" font="arial" size="14" align="center" weight="bold" color="#eeeeee" format="EJECT"></text>
</textzone>

 <button panel="browser" action="deck right unload" rightclick="deck left clone_deck right">
  <pos x="1481" y="382"/>
<size width="18" height="18"/>
				<off shape="circle" color="#303030" border_size="3" border="black"/>
				<on shape="circle" color="green" border_size="3" border="black"/>
 </button>
<textzone panel="browser">
	<size width="60" height="18"></size>
	<pos x="1481" y="399"></pos>
        
        <text dx="-39" dy="3" font="arial" size="14" align="center" weight="bold" color="#eeeeee" format="EJECT"></text>
</textzone>

------------------------SLIP-------------------------------------

 <button panel="browser" action="deck left slip_mode ? blink & slip_mode : off & slip_mode">
  <Tooltip>DECK LEFT SLIP MODE</Tooltip>
  <pos x="421" y="382"/>
<size width="18" height="18"/>
				<off shape="circle" color="#303030" border_size="3" border="black"/>
				<on shape="circle" color="green" border_size="3" border="black"/>
 </button>
<textzone panel="browser">
	<size width="60" height="18"></size>
	<pos x="421" y="399"></pos>
        
        <text dx="-42" dy="3" font="arial" size="14" align="center" weight="bold" color="#eeeeee" format="SLIP"></text>
</textzone>

 <button panel="browser" action="deck right slip_mode ? blink & slip_mode : off & slip_mode">
 <Tooltip>DECK RIGHT SLIP MODE</Tooltip>
  <pos x="1302" y="382"/>
<size width="18" height="18"/>
				<off shape="circle" color="#303030" border_size="3" border="black"/>
				<on shape="circle" color="green" border_size="3" border="black"/>
 </button>
<textzone panel="browser">
	<size width="60" height="18"></size>
	<pos x="1302" y="399"></pos>
        
        <text dx="-42" dy="3" font="arial" size="14" align="center" weight="bold" color="#eeeeee" format="SLIP"></text>
</textzone>

----------------------------------------------------------------------------------------------------------------------------------


-----------------------------------------------LEFT----------------------------------------------------------------------------------

<button panel="browser" action="deck left cue_stop" rightclick="deck left stop">
	<pos x="485" y="137"/>
	<size width="67" height="25"/>
	<over color="#262626"/>
	<selected color="#0066cc"/>
        <text dx="0" dy="0" width="0" font="arial" align="center" weight="bold" size="16" color="#eeeeee"  format="CUE"/>
</button>

<button panel="browser_zoom" action="deck left cue_stop" rightclick="deck left stop">
	<pos x="791" y="60"/>
	<size width="67" height="25"/>
	<over color="#262626"/>
	<selected color="#0066cc"/>
        <text dx="0" dy="1" width="0" font="arial" align="center" weight="bold" size="16" color="#eeeeee"  format="CUE"/>
</button>

<textzone panel="browser_zoom" deck="left" visibility="deck left loaded">
	<size width="67" height="20"/>
	<pos x="789" y="103"/>

	<text font="arial" size="19" color="#eeeeee" align="center" weight="bold" format="%Ppitch"></text>
</textzone>

-------------------------------------------------

<button panel="browser" action="deck left play_button">
  <pos x="564" y="137"/>
  <size width="67" height="25"/>
  <over color="#262626"/>
  <selected color="#0066cc"/>
  <text dx="0" dy="0" width="0" font="arial" align="center" weight="bold" size="16" color="#eeeeee"   format="PLAY"/>
</button>

<button panel="browser_zoom" action="deck left play_button">
  <pos x="870" y="60"/>
  <size width="67" height="25"/>
  <over color="#262626"/>
  <selected color="#0066cc"/>
  <text dx="0" dy="1" width="0" font="arial" align="center" weight="bold" size="16" color="#eeeeee"   format="PLAY"/>
</button>

<textzone panel="browser_zoom" deck="left" visibility="deck left loaded">
	<size width="67" height="20"/>
	<pos x="870" y="103"/>
	<text font="arial" size="19" color="#eeeeee" align="center" weight="bold" format="%Pleft"></text>
</textzone>
----------------------------------------------------------------------------------------------
<button panel="browser" action="deck left sync">
	<pos x="407" y="137"/>
	<size width="67" height="25"/>
  <over color="#262626"/>
	<on color="#0066cc"/>
<text dx="0" dy="0" width="0" font="arial" size="16" align="center" weight="bold" color="#eeeeee"  format="SYNC"/>
</button>

<button panel="browser_zoom" action="deck left sync">
	<pos x="713" y="60"/>
	<size width="67" height="25"/>
  <over color="#262626"/>
	<on color="#0066cc"/>
<text dx="0" dy="1" width="0" font="arial" size="16" align="center" weight="bold" color="#eeeeee"  format="SYNC"/>
</button>

<textzone panel="browser_zoom" deck="left" visibility="deck left loaded">
	<size width="67" height="20"/>
	<pos x="713" y="103"/>
	<text font="arial" size="19" color="#eeeeee" align="center" weight="bold" format="%Pbpm"></text>
</textzone>
--------------------------------------------RIGHT------------------------------------------------------------------------------

<button panel="browser" action="deck right cue_stop" rightclick="deck right stop">
	<pos x="1366" y="137"/>
	<size width="67" height="25"/>
	<over color="#262626"/>
	<selected color="#cc0000"/>
<text dx="0" dy="0" width="0" font="arial" size="16" align="center" weight="bold" color="#eeeeee"  format="CUE"/>
</button>

<button panel="browser_zoom" action="deck right cue_stop" rightclick="deck right stop">
	<pos x="1060" y="60"/>
	<size width="67" height="25"/>
	<over color="#262626"/>
	<selected color="#cc0000"/>
<text dx="0" dy="1" width="0" font="arial" size="16" align="center" weight="bold" color="#eeeeee"  format="CUE"/>
</button>

<textzone panel="browser_zoom" deck="right" visibility="deck right loaded">
	<size width="67" height="20"/>
	<pos x="1057" y="103"/>
	<text font="arial" size="19" color="#eeeeee" align="center" weight="bold" format="%Ppitch"></text>
</textzone>
----------------------------------------------------------

 <button panel="browser" action="deck right play_button">
  <pos x="1445" y="137"/>
  <size width="67" height="25"/>
  <over color="#262626"/>
  <selected color="#cc0000"/>
  <text dx="0" dy="0" width="0" font="arial" size="16" align="center" weight="bold" color="#eeeeee"  format="PLAY"/>
</button>

<button panel="browser_zoom" action="deck right play_button">
  <pos x="1138" y="60"/>
  <size width="67" height="25"/>
  <over color="#262626"/>
  <selected color="#cc0000"/>
  <text dx="0" dy="1" width="0" font="arial" size="16" align="center" weight="bold" color="#eeeeee"  format="PLAY"/>
</button>

<textzone panel="browser_zoom" deck="right" visibility="deck right loaded">
	<size width="67" height="20"/>
	<pos x="1139" y="103"/>
	<text font="arial" size="19" color="#eeeeee" align="center" weight="bold" format="%Pleft"></text>
</textzone>
----------------------------------------------------------------------
<button panel="browser" action="deck right sync">
	<pos x="1288" y="137"/>
	<size width="67" height="25"/>
  <over color="#262626"/>
	<on color="#cc0000"/>
<text dx="0" dy="0" width="0" font="arial" size="16" align="center" weight="bold" color="#eeeeee"  format="SYNC"/>
</button>

<button panel="browser_zoom" action="deck right sync">
	<pos x="982" y="60"/>
	<size width="67" height="25"/>
  <over color="#262626"/>
	<on color="#cc0000"/>
<text dx="0" dy="1" width="0" font="arial" size="16" align="center" weight="bold" color="#eeeeee"  format="SYNC"/>
</button>

<textzone panel="browser_zoom" deck="right" visibility="deck right loaded">
	<size width="67" height="20"/>
	<pos x="981" y="103"/>
	<text font="arial" size="19" color="#eeeeee" align="center" weight="bold" format="%Pbpm"></text>
</textzone>
-----------------------------------------------------------loop----------------------------------------------------------



			<button panel="browser" deck="left" action="loop_half">
				<pos x="266" y="307"/>
				<size width="31" height="49"/>
				<on color="#0066cc"/>
				<over color="#262626"/>
			<text dx="0" dy="0" size="28" weight="bold" color="#eeeeee" align="center" format="<" scroll="no"/>	
			</button>
			<button panel="browser" deck="left" action="loop" rightclick="temporary">
				<pos x="300" y="307"/>
				<size width="48" height="49"/>
				<on color="#0066cc"/>
				<over color="#262626"/>
				
				<text dx="0" dy="0" size="30" weight="bold" color="#eeeeee" align="center" format="%loop" scroll="no"/>
			</button>
			<button panel="browser" deck="left" action="loop_double">
				<pos x="351" y="307"/>
				<size width="31" height="49"/>
				<on color="#0066cc"/>
				<over color="#262626"/>
			<text dx="0" dy="0" size="28" weight="bold" color="#eeeeee" align="center" format=">" scroll="no"/>	
			</button>
		

---------------------------------------------------------------------------------------------------------
 

			<button panel="browser" deck="right" action="loop_half">
				<pos x="1538" y="307"/>
				<size width="31" height="49"/>
				<on color="#cc0000"/>
				<over color="#262626"/>
			<text dx="0" dy="0" size="28" weight="bold" color="#eeeeee" align="center" format="<" scroll="no"/>	
			</button>
			<button panel="browser" deck="right" action="loop" rightclick="temporary">
				<pos x="1572" y="307"/>
				<size width="48" height="49"/>
				<on color="#cc0000"/>
				<over color="#262626"/>
				
				<text dx="0" dy="0" size="30" weight="bold" color="#eeeeee" align="center" format="%loop" scroll="no"/>
			</button>
			<button panel="browser" deck="right" action="loop_double">
				<pos x="1623" y="307"/>
				<size width="31" height="49"/>
				<on color="#cc0000"/>
				<over color="#262626"/>
			<text dx="0" dy="0" size="28" weight="bold" color="#eeeeee" align="center" format=">" scroll="no"/>	
			</button>
--------------------------------------------------------------------------------------------------------------		

                        <button panel="browser" deck="left" action="loop_in">
				<pos x="281" y="380"/>
				<size width="31" height="22"/>
				<on color="#0066cc"/>
				<over color="#262626"/>
                        <text dx="0" dy="0" size="17" weight="bold" color="#eeeeee" align="center" format="In" scroll="no"/>
			</button>	
				
		       
		
                        <button panel="browser" deck="left" action="loop_out">
				<pos x="336" y="380"/>
				<size width="31" height="22"/>
				<on color="#0066cc"/>
				<over color="#262626"/>
                        <text dx="0" dy="0" size="17" weight="bold" color="#eeeeee" align="center" format="Out" scroll="no"/>
			</button>	
			
---------------------------------------------------------------------------------------------------------
 
                        <button panel="browser" deck="right" action="loop_in">
				<pos x="1553" y="380"/>
				<size width="31" height="22"/>
				<on color="#cc0000"/>
				<over color="#262626"/>
                        <text dx="0" dy="0" size="17" weight="bold" color="#eeeeee" align="center" format="In" scroll="no"/>
			</button>	
				
		        
		
                        <button panel="browser" deck="right" action="loop_out">
				<pos x="1608" y="380"/>
				<size width="31" height="22"/>
				<on color="#cc0000"/>
				<over color="#262626"/>
                        <text dx="0" dy="0" size="17" weight="bold" color="#eeeeee" align="center" format="Out" scroll="no"/>
			</button>	
				

-----------------------------------------------------------------------------









-------------------------------------------------------gain------------------------------------------------------------


<slider panel="browser" action="deck left gain" rightclick="deck left match_gain" dblclick="deck left gain 50%" orientation="round" visibility="deck left leftdeck">
	<pos x="648" y="142"/>
	<size width="34" height="34"/>
	<off width="34" height="34" shape="circle" color="#262626" color2="#363636" gradient="vertical" />
					<fader color="#eeeeee" width="4" height="17" radius="2" anglemin="-130" anglemax="130"/>
				<fill width="42" height="42" frommiddle="true" radius="2" color="#eeeeee" backcolor="black"/>
					
</slider>

<textzone panel="browser" >
	<size width="46" height="17"></size>
	<pos x="642" y="183"></pos>
        <text dx="-1" dy="0" font="arial"  size="14" align="center" weight="bold" color="#eeeeee" action="deck left loaded ? get_text '%Plevel db' : get_text 'GAIN'"></text>
	
</textzone>



<slider panel="browser" action="deck right gain" rightclick="deck right match_gain" dblclick="deck right gain 50%" orientation="round" visibility="deck right rightdeck">
	<pos x="1238" y="142"/>
	<size width="34" height="34"/>
	<off width="34" height="34" shape="circle" color="#262626" color2="#363636" gradient="vertical" />
					<fader color="#eeeeee" width="4" height="17" radius="2" anglemin="-130" anglemax="130"/>
				<fill width="42" height="42" frommiddle="true" radius="2" color="#eeeeee" backcolor="black"/>
					
</slider>

<textzone panel="browser" >
	<size width="46" height="17"></size>
	<pos x="1233" y="183"></pos>
        <text dx="0" dy="0" font="arial"  size="14" align="center" weight="bold" color="#eeeeee" action="deck right loaded ? get_text '%Plevel db' : get_text 'GAIN'"></text>
	
</textzone>


<slider panel="audiomixer" action="deck left eq_high"  orientation="round" dblclick="deck left eq_high 50%" rightclick="deck left eq_high 0% ? deck left eq_high 50% : deck left eq_high 0%" visibility="deck left leftdeck">
	<pos x="715" y="142"/>
	<size width="34" height="34"/>
	<off width="34" height="34" shape="circle" color="#262626" color2="#363636" gradient="vertical" />
					<fader color="#eeeeee" width="4" height="17" radius="2" anglemin="-130" anglemax="130"/>
				<fill width="42" height="42" frommiddle="true" radius="2" color="#eeeeee" backcolor="black"/>
					
</slider>

<textzone panel="audiomixer">
	<size width="46" height="17"></size>
	<pos x="710" y="183"></pos>
        <text dx="0" dy="0" font="arial"  size="14" align="center" weight="bold" color="#eeeeee" format="HIGH"></text>
	
</textzone>


<slider panel="audiomixer"  action="deck right eq_high" orientation="round" dblclick="deck right eq_high 50%" rightclick="deck right eq_high 0% ? deck right eq_high 50% : deck right eq_high 0%" visibility="deck right rightdeck">
	<pos x="1171" y="142"/>
	<size width="34" height="34"/>
	<off width="34" height="34" shape="circle" color="#262626" color2="#363636" gradient="vertical" />
					<fader color="#eeeeee" width="4" height="17" radius="2" anglemin="-130" anglemax="130"/>
				<fill width="42" height="42" radius="2" frommiddle="true" color="#eeeeee" backcolor="black"/>
					
</slider>

<textzone panel="audiomixer">
	<size width="46" height="17"></size>
	<pos x="1165" y="183"></pos>
        <text dx="0" dy="0" font="arial"  size="14" align="center" weight="bold" color="#eeeeee" format="HIGH"></text>
	
</textzone>
------------------------------MASTER-------------------------------------------------------------------

<slider panel="audiomixer" action="master_volume" orientation="round" dblclick="master_volume 100%" rightclick="master_volume 0%">
	<pos x="713" y="68"/>
        <size width="39" height="39"/>
	<off width="39" height="39" shape="circle" color="#262626" color2="#363636" gradient="vertical"/>
					<fader color="#eeeeee" width="4" height="20" radius="2" anglemin="-130" anglemax="130"/>
	                                <fill width="48" height="48" radius="2" color="#eeeeee" backcolor="black"/>
</slider>
<textzone panel="audiomixer">
	<size width="46" height="17"></size>
	<pos x="709" y="108"></pos>
        <text dx="0" dy="0" font="arial"  size="11" align="center" weight="bold" color="#eeeeee" format="MASTER"></text>
	
</textzone>

-------------------------------CUE------------------------

<slider panel="audiomixer" action="headphone_volume" orientation="round" dblclick="headphone_volume 100%" rightclick="headphone_volume 0%">
	<pos x="827" y="68"/>
        <size width="39" height="39"/>
	<off width="39" height="39" shape="circle" color="#262626" color2="#363636" gradient="vertical"/>
					<fader color="#eeeeee" width="4" height="20" radius="2" anglemin="-130" anglemax="130"/>
	                                <fill width="48" height="48" radius="2" color="#eeeeee" backcolor="black"/>
</slider>
<textzone panel="audiomixer">
	<size width="46" height="17"></size>
	<pos x="823" y="108"></pos>
        <text dx="0" dy="0" font="arial"  size="11" align="center" weight="bold" color="#eeeeee" format="CUE"></text>
	
</textzone>
----------------------------------------MIX---------------------------------------------------------
<slider panel="audiomixer" action="headphone_mix" orientation="round" dblclick="headphone_mix 0%" rightclick="headphone_mix 100%">
	<pos x="940" y="68"/>
        <size width="39" height="39"/>
	<off width="39" height="39" shape="circle" color="#262626" color2="#363636" gradient="vertical"/>
					<fader color="#eeeeee" width="4" height="20" radius="2" anglemin="-130" anglemax="130"/>
	                                <fill width="48" height="48" radius="2" color="#eeeeee" backcolor="black"/>
</slider>
<textzone panel="audiomixer">
	<size width="46" height="17"></size>
	<pos x="936" y="108"></pos>
        <text dx="0" dy="0" font="arial"  size="11" align="center" weight="bold" color="#eeeeee" format="MIX"></text>
	
</textzone>

-----------------------------------------------BOOTH-----------------------------------------------------------

<slider panel="audiomixer" action="booth_volume" orientation="round" dblclick="booth_volume 100%" rightclick="booth_volume 0%">
	<pos x="1054" y="68"/>
       <size width="39" height="39"/>
	<off width="39" height="39" shape="circle" color="#262626" color2="#363636" gradient="vertical"/>
					<fader color="#eeeeee" width="4" height="20" radius="2" anglemin="-130" anglemax="130"/>
	                                <fill width="48" height="48" radius="2" color="#eeeeee" backcolor="black"/>
</slider>
<textzone panel="audiomixer">
	<size width="46" height="17"></size>
	<pos x="1050" y="108"></pos>
        <text dx="1" dy="0" font="arial"  size="11" align="center" weight="bold" color="#eeeeee" format="BOOTH"></text>
	
</textzone>


--------------------------------------------------SAMPLER--------------------------------------------------------

<slider panel="audiomixer" action="sampler_volume_master" orientation="round" dblclick="sampler_volume_master 100%" rightclick="sampler_volume_master 0%">
	<pos x="1168" y="68"/>
        <size width="39" height="39"/>
	<off width="39" height="39" shape="circle" color="#262626" color2="#363636" gradient="vertical"/>
					<fader color="#eeeeee" width="4" height="20" radius="2" anglemin="-130" anglemax="130"/>
	                                <fill width="48" height="48" radius="2" color="#eeeeee" backcolor="black"/>
</slider>
<textzone panel="audiomixer">
	<size width="46" height="17"></size>
	<pos x="1164" y="108"></pos>
        <text dx="1" dy="0" font="arial"  size="11" align="center" weight="bold" color="#eeeeee" format="SAMPLER"></text>
	
</textzone>
------------------------------------------MIC----------------------------------------------------------------



<slider panel="audiomixer" action="mic_volume" orientation="round" dblclick="mic_volume 100%" rightclick="mic_volume 0%" >
	<pos x="902" y="152"/>
        <size width="39" height="39"/>
	<off width="39" height="39" shape="circle" color="#262626" color2="#363636" gradient="vertical" border="black" border_size="3"/>
					<fader color="#eeeeee" width="4" height="17" radius="2" anglemin="-130" anglemax="130"/>
					
</slider>



<slider panel="audiomixer" action="effect 'mic' slider 1" orientation="round" dblclick="effect 'mic' slider 1 17%" rightclick="effect 'mic' slider 1 0%" >
	<pos x="979" y="152"/>
        <size width="39" height="39"/>
	<off width="39" height="39" shape="circle" color="#262626" color2="#363636" gradient="vertical" border="black" border_size="3"/>
					<fader color="#eeeeee" width="4" height="17" radius="2" anglemin="-130" anglemax="130"/>
					
</slider>
-------------------------------------------------------------------
<button panel="audiomixer" action="mic" rightclick="temporary">
	<size width="56" height="28"/>
	<pos x="893" y="204"/>
        <selected x="268" y="911"/>
        <over x="207" y="911"/>
        <up x="145" y="911"/>
        <text dx="0" dy="0" font="arial" size="15" color="#eeeeee" weight="bold" align="center" format="MIC" scroll="yes"/>
</button>


<button panel="audiomixer" action="effect_active 'mic' echo" rightclick="temporary">
	<size width="56" height="28"/>
	<pos x="970" y="204"/>
       <selected x="268" y="911"/>
        <over x="207" y="911"/>
        <up x="145" y="911"/>
        <text dx="0" dy="0" font="arial" size="15" color="#eeeeee" weight="bold" align="center" format="ECHO" scroll="yes"/>
</button>

<button panel="audiomixer" action="deck left sampler_rec" rightclick="temporary">
	<size width="56" height="28"/>
	<pos x="893" y="250"/>
        <selected x="268" y="911"/>
        <over x="207" y="911"/>
        <up x="145" y="911"/>
        <text dx="0" dy="0" font="arial" size="15" color="#eeeeee" weight="bold" align="center" format="REC L" scroll="yes"/>
</button>


<button panel="audiomixer" action="deck right sampler_rec" rightclick="temporary">
	<size width="56" height="28"/>
	<pos x="970" y="250"/>
       <selected x="268" y="911"/>
        <over x="207" y="911"/>
        <up x="145" y="911"/>
        <text dx="0" dy="0" font="arial" size="15" color="#eeeeee" weight="bold" align="center" format="REC R" scroll="yes"/>
</button>



-------------------------------------------MASTER FX-----------------------------------------------------------------

<button panel="audiomixer" action="deck master effect_active" rightclick="temporary">
  <size width="86" height="22"/>
  <pos x="916" y="300"/>
  <selected color="#999900"/>
  <over color="#262626"/>
  <text dx="0" dy="0" font="arial" size="17" color="#eeeeee" weight="bold" align="center" action="deck master get effect_name" scroll="yes"/>
</button>


<button panel="audiomixer" action="deck master effect select">
  <size width="28" height="28"/>
  <pos x="888" y="297"/>
  <selected x="277" y="1335"/>
  <over x="84" y="991"/>
</button>

<button panel="audiomixer" action="deck master effect show_gui">
  <pos x="1002" y="297"/>
  <size width="28" height="28"/>
  <over x="115" y="991"/>
<selected x="115" y="991"/>
 </button>


---------------------------------------------------------------------------------------------------------
<slider panel="audiomixer"  action="deck left eq_mid" orientation="round" dblclick="deck left eq_mid 50%" rightclick="deck left eq_mid 0% ? deck left eq_mid 50% : deck left eq_mid 0%" visibility="deck left leftdeck">
	<pos x="715" y="208"/>
	<size width="34" height="34"/>
	<off width="34" height="34" shape="circle" color="#262626" color2="#363636" gradient="vertical" />
					<fader color="#eeeeee" width="4" height="17" radius="2" anglemin="-130" anglemax="130"/>
				<fill width="42" height="42" frommiddle="true" radius="2" color="#eeeeee" backcolor="black"/>
					
</slider>

<textzone panel="audiomixer">
	<size width="46" height="17"></size>
	<pos x="710" y="249"></pos>
        <text dx="0" dy="0" font="arial"  size="14" align="center" weight="bold" color="#eeeeee" format="MID"></text>
	
</textzone>

<slider panel="audiomixer"  action="deck right eq_mid" orientation="round" dblclick="deck right eq_mid 50%" rightclick="deck right eq_mid 0% ? deck right eq_mid 50% : deck right eq_mid 0%" visibility="deck right rightdeck">
	<pos x="1171" y="208"/>
	<size width="34" height="34"/>
	<off width="34" height="34" shape="circle" color="#262626" color2="#363636" gradient="vertical" />
					<fader color="#eeeeee" width="4" height="17" radius="2" anglemin="-130" anglemax="130"/>
				<fill width="42" height="42" frommiddle="true" radius="2" color="#eeeeee" backcolor="black"/>
					
</slider>

<textzone panel="audiomixer">
	<size width="46" height="17"></size>
	<pos x="1165" y="249"></pos>
        <text dx="0" dy="0" font="arial"  size="14" align="center" weight="bold" color="#eeeeee" format="MID"></text>
	
</textzone>
-------------------------------------------------------------------------------------------------


<slider panel="audiomixer"  action="deck left eq_low" orientation="round" dblclick="deck left eq_low 50%" rightclick="deck left eq_low 0% ? deck left eq_low 50% : deck left eq_low 0%" visibility="deck left leftdeck">
	<pos x="715" y="274"/>
	<size width="34" height="34"/>
	<off width="34" height="34" shape="circle" color="#262626" color2="#363636" gradient="vertical" />
					<fader color="#eeeeee" width="4" height="17" radius="2" anglemin="-130" anglemax="130"/>
				<fill width="42" height="42" frommiddle="true" radius="2" color="#eeeeee" backcolor="black"/>
					
</slider>

<textzone panel="audiomixer">
	<size width="46" height="17"></size>
	<pos x="710" y="315"></pos>
        <text dx="0" dy="0" font="arial" size="14" align="center" weight="bold" color="#eeeeee" format="LOW"></text>
	
</textzone>

<slider panel="audiomixer"  action="deck right eq_low" orientation="round" dblclick="deck right eq_low 50%" rightclick="deck right eq_low 0% ? deck right eq_low 50% : deck right eq_low 0%" visibility="deck right rightdeck">
	<pos x="1171" y="274"/>
	<size width="34" height="34"/>
	<off width="34" height="34" shape="circle" color="#262626" color2="#363636" gradient="vertical" />
					<fader color="#eeeeee" width="4" height="17" radius="2" anglemin="-130" anglemax="130"/>
				<fill width="42" height="42" frommiddle="true" radius="2" color="#eeeeee" backcolor="black"/>
					
</slider>

<textzone panel="audiomixer">
	<size width="46" height="17"></size>
	<pos x="1165" y="315"></pos>
        <text dx="0" dy="0" font="arial"  size="14" align="center" weight="bold" color="#eeeeee" format="LOW"></text>
	
</textzone>



-----------
<slider panel="browser" action="deck left filter" orientation="round" dblclick="deck left filter 50%" rightclick="deck left filter 50%">
	<pos x="648" y="208"/>
	<size width="34" height="34"/>
	<off width="34" height="34" shape="circle" color="#262626" color2="#363636" gradient="vertical" />
					<fader color="#eeeeee" width="4" height="17" radius="2" anglemin="-130" anglemax="130"/>
				<fill width="42" height="42" frommiddle="true" radius="2" color="#eeeeee" backcolor="black"/>
					
</slider>

<textzone panel="browser" deck="left" action="filter_selectcolorfx" query="filter_activate" >
	<size width="46" height="17"></size>
	<pos x="642" y="249"></pos>
        <text dx="0" dy="0" font="arial"  size="14" align="center" weight="bold" color="#eeeeee" action="filter_label"></text>
       
	
</textzone>

<slider panel="browser" action="deck right filter" orientation="round" dblclick="deck right filter 50%" rightclick="deck right filter 50%">
	<pos x="1238" y="208"/>
	<size width="34" height="34"/>
	<off width="34" height="34" shape="circle" color="#262626" color2="#363636" gradient="vertical" />
					<fader color="#eeeeee" width="4" height="17" radius="2" anglemin="-130" anglemax="130"/>
				<fill width="42" height="42" frommiddle="true" radius="2" color="#eeeeee" backcolor="black"/>
					
</slider>

<textzone panel="browser" deck="right" action="filter_selectcolorfx" query="filter_activate" >
	<size width="46" height="17"></size>
	<pos x="1233" y="249"></pos>
        <text dx="0" dy="0" font="arial"  size="14" align="center" weight="bold" color="#eeeeee" action="filter_label"></text>
	
</textzone>


-----------------------------------------------------




-------------------------------------------video------------------------------------------------------------------------------
 

  

        

---------------------------------------------------funciones---------------------------------------------------------------------------

<slider panel="videomixer" action="video_crossfader" dblclick="video_crossfader 50%" orientation="horizontal">
	  <pos x="893" y="387"/>
	  <size width="132" height="21"/>
	  <selected x="891" y="2050"/>
                   <down x="891" y="2050"/>
	  <up x="893" y="2050"/>
		<fader>
		  <size width="8" height="27"/>
		  <pos x="198" y="1831"/>
		</fader>
	</slider>








--- Video activate on main --

<button panel="videomixer" action="video" rightclick="video_output" visible="not browser_zoom">
    
    <pos x="697" y="60"/>
    <size width="526" height="305"/>
    
  </button>


<video panel="videomixer" source="master" >
     <pos x="697" y="60"/>
  <size width="526" height="305"/>
</video>


<video panel="browser" source="channel" deck="left" visibility="deck left is_audioonlyvisualisation ? off : on">
  <pos x="10" y="428"/>
  <size width="188" height="120"/>
</video>

<video panel="browser" source="channel" deck="right" visibility="deck right is_audioonlyvisualisation ? off : on">
  <pos x="1722" y="428"/>
  <size width="188" height="120"/>
</video>


<cover panel="browser" deck="left" visibility="deck left is_video ? off : on">
  <pos x="44" y="428"/>
  <size width="119" height="120"/>
</cover>

<cover panel="browser" deck="right" visibility="deck right is_video ? off : on">
  <pos x="1756" y="428"/>
  <size width="119" height="120"/>
</cover>


<cover panel="browser" deck="left" visibility="not video">
  <pos x="44" y="428"/>
  <size width="119" height="120"/>
</cover>

<cover panel="browser" deck="right" visibility="not video">
  <pos x="1756" y="428"/>
  <size width="119" height="120"/>
</cover>

-------------------------------------------------------------------------------

<video panel="browser_zoom" source="channel" deck="left" visibility="deck left is_audioonlyvisualisation ? off : on">
  <pos x="10" y="132"/>
  <size width="188" height="120"/>
</video>

<video panel="browser_zoom" source="channel" deck="right" visibility="deck right is_audioonlyvisualisation ? off : on">
  <pos x="1722" y="132"/>
  <size width="188" height="120"/>
</video>


<cover panel="browser_zoom" deck="left" visibility="deck left is_video ? off : on">
  <pos x="44" y="132"/>
  <size width="119" height="120"/>
</cover>

<cover panel="browser_zoom" deck="right" visibility="deck right is_video ? off : on">
  <pos x="1756" y="132"/>
  <size width="119" height="120"/>
</cover>


<cover panel="browser_zoom" deck="left" visibility="not video">
  <pos x="44" y="132"/>
  <size width="119" height="120"/>
</cover>

<cover panel="browser_zoom" deck="right" visibility="not video">
  <pos x="1756" y="132"/>
  <size width="119" height="120"/>
</cover>

------------------------------------------------------------------------------------






<button panel="videomixer" action="video_crossfader_auto">
	<pos x="865" y="388"/>
	<size width="18" height="18"/>
				<off shape="circle" color="#303030" border_size="3" border="black"/>
				<on shape="circle" color="green" border_size="3" border="black"/>

                
</button>
<textzone panel="videomixer">
	<size width="60" height="18"></size>
	<pos x="865" y="388"></pos>
        
        <text dx="-39" dy="-39" font="arial" size="14" align="center" weight="bold" color="#eeeeee" format="AUTO"></text>
</textzone>

<button panel="videomixer" action="video_crossfader_link">
	<pos x="1035" y="388"/>
	<size width="18" height="18"/>
				<off shape="circle" color="#303030" border_size="3" border="black"/>
				<on shape="circle" color="green" border_size="3" border="black"/>

                
</button>
<textzone panel="videomixer">
	<size width="60" height="18"></size>
	<pos x="1035" y="388"/>
        
        <text dx="-39" dy="-39" font="arial" size="14" align="center" weight="bold" color="#eeeeee" format="LINK"></text>
</textzone>

<button panel="videomixer" action="video_transition" rightclick="temporary">
	<pos x="721" y="385"/>
	<size width="106" height="22"/>
	<selected color="#999900"/>
  <over color="#262626"/>
	<text dx="0" dy="0" font="arial" size="17" color="#eeeeee" weight="bold" align="center" format="%videotransition" scroll="yes"/>
</button>


<button panel="videomixer" action="video_transition_select">
	<pos x="694" y="382"/>
	<size width="28" height="28"/>
        <selected x="277" y="1335"/>
  <over x="84" y="991"/>
</button>

<button panel="videomixer" action="effect_show_gui 'transition'">
  <pos x="828" y="382"/>
  <size width="28" height="28"/>
  <over x="115" y="991"/>
<selected x="115" y="991"/>
 </button>






<button panel="videomixer" action="video_fx" rightclick="temporary">
	<pos x="1092" y="385"/>
	<size width="106" height="22"/>
	<selected color="#999900"/>
  <over color="#262626"/>
	<text dx="0" dy="0" font="arial" size="17" color="#eeeeee" weight="bold" align="center" format="%videofx" scroll="yes"/>
</button>


<button panel="videomixer" action="video_fx_select">
	<pos x="1064" y="382"/>
	<size width="28" height="28"/>
        <selected x="277" y="1335"/>
  <over x="84" y="991"/>
</button>

<button panel="videomixer" action="deck master effect_show_gui 'video'">
  <pos x="1198" y="382"/>
  <size width="28" height="28"/>
  <over x="115" y="991"/>
<selected x="115" y="991"/>
 </button>



----------------------------------------------------pitch----------------------------------------------------------------------

 <slider panel="browser" action="deck left pitch" orientation="vertical" direction="down" dblclick="deck left pitch 100%" rightclick="deck left pitch_reset" >
  <pos x="33" y="176"/>
  <size width="35" height="176"/>
  <fader>
   <pos x="1798" y="1558"/>
   <size width="35" height="30"/>
  </fader>
 </slider>


 <slider panel="browser" action="deck right pitch" orientation="vertical" direction="down" dblclick="deck right pitch 100%" rightclick="deck right pitch_reset" >
  <pos x="1852" y="176"/>
  <size width="35" height="176"/>
  <fader>
   <pos x="1798" y="1558"/>
   <size width="35" height="30"/>
  </fader>
 </slider>


--- Pitch reset ---
 <button panel="browser" action="deck left pitch_reset" dblclick="deck left pitch 100%" query="deck left pitch_reset ? blink : deck left pitch 100% ? on : off">
 
  <pos x="8" y="255"/>
  <size width="18" height="18"/>
  <off shape="circle" color="#303030" border_size="3" border="black"/>
				<on shape="circle" color="green" border_size="3" border="black"/>

 </button>

<button panel="browser" action="deck right pitch_reset" dblclick="deck right pitch 100%" query="deck right pitch_reset ? blink : deck right pitch 100% ? on : off">
  <pos x="1894" y="255"/>
  <size width="18" height="18"/>
  <off shape="circle" color="#303030" border_size="3" border="black"/>
				<on shape="circle" color="green" border_size="3" border="black"/>

 </button>

------------------------------pitch bend--------------------------------------

 <button panel="browser" action="deck left pitch_bend -5% 500ms" rightclick="deck left adjust_cbg -0.05">
  <pos x="24" y="360"/>
  <size width="22" height="22"/>
  <selected color="#0066cc"/>
<over color="#262626"/>
 <text dx="0" dy="-3" font="arial" size="25" weight="bold" align="center" color="#eeeeee"  format="-"/>
 </button>

 <button panel="browser" action="deck left pitch_bend +5% 500ms" rightclick="deck left adjust_cbg +0.05">
  <pos x="55" y="360"/>
  <size width="22" height="22"/>
  <selected color="#0066cc"/>
<over color="#262626"/>
  <text dx="0" dy="0" font="arial" size="25" weight="bold" align="center" color="#eeeeee"  format="+"/>
 </button>

 <button panel="browser" action="deck right pitch_bend -5% 500ms" rightclick="deck right adjust_cbg -0.05">
  <pos x="1843" y="360"/>
  <size width="22" height="22"/>
  <selected color="#cc0000"/>
<over color="#262626"/>
 <text dx="0" dy="-3" font="arial" size="25" weight="bold" align="center" color="#eeeeee"   format="-"/>
 </button>

 <button panel="browser" action="deck right pitch_bend +5% 500ms" rightclick="deck right adjust_cbg +0.05">
  <pos x="1874" y="360"/>
  <size width="22" height="22"/>
  <selected color="#cc0000"/>
<over color="#262626"/>
  <text dx="0" dy="0" font="arial" size="25" weight="bold" align="center" color="#eeeeee"   format="+"/>
 </button>

-----------------------



-------------RANGE------------------------------



<button panel="browser" action="pitch_lock" rightclick="deck left pitch_range">
	<pos x="24" y="391"/>
	<size width="53" height="22"/>
             <selected color="#0066cc"/>
<over color="#262626"/>

              <text dx="0" dy="0"  font="arial" size="15" weight="bold" color="#eeeeee"  align="center" format="LOCK"/>
</button>



<button panel="browser" action="pitch_lock" rightclick="deck right pitch_range">
	<pos x="1843" y="391"/>
	<size width="53" height="22"/>
             <selected color="#cc0000"/>
<over color="#262626"/>
              <text dx="0" dy="0"  font="arial" size="15" weight="bold" color="#eeeeee"  align="center" format="LOCK"/>
</button>



----------------------------------------------------time coded---------------------------------------------------------------

<button  panel="browser" action="deck left timecode_active" rightclick="deck left timecode_bypass">
        <pos x="24" y="137"/>
        <size width="53" height="32"/>
	 <selected color="#0066cc"/>
<over color="#262626"/>
        <text dx="0" dy="0" align="center" font="arial" weight="bold" size="20" color="#eeeeee"   format="TC"/>
</button>

<button  panel="browser" action="deck right timecode_active" rightclick="deck right timecode_bypass">
         <pos x="1843" y="137"/>
        <size width="53" height="32"/>
	<selected color="#cc0000"/>
<over color="#262626"/>
        <text dx="0" dy="0" align="center" font="arial" weight="bold" size="20" color="#eeeeee"  format="TC"/>
</button>



<visual  panel="browser" type="linear" source="deck left get timecode_quality" orientation="horizontal" direction="up">
	<size width="229" height="6"/>
	<pos x="405" y="170"/>
           <down x="11" y="1259"/>

</visual>

<visual  panel="browser" type="linear" source="deck right get timecode_quality" orientation="horizontal" direction="up">
	<size width="229" height="6"/>
	<pos x="1286" y="170"/>
                <down x="11" y="1259"/>
 
</visual>



xxxxxxxxxxxxxxxxxxxxxxxxxxxxxxxxxxxxxxxxxxxbrowserxxxxxxxxxxxxxxxxxxxxxxxxxxxxxxxxxxxxxxxxxxxxxxxxxxxxxxxxxxxxx




<browser panel="browser" showzoom="true">
 <pos x="4" y="555"/>
  <size width="1912" height="510"/>
  <colors background="#0b0b0b" text="#eeeeee">
<toolbars background="#262626" text="#eeeeee"  iconbackground="#101010" border="#101010"/>
<lists background="#0b0b0b" stripes="#262626" text="#eeeeee" over="#0b0b0b" overstripes="#262626" focus="#006633" button="#262626" buttonactive="#006633" automix="#006633"/>
<grids background="#0b0b0b" stripes="#262626" text="#eeeeee" over="#0b0b0b" overstripes="#262626" focus="#006633" button="#262626" buttonactive="#006633" automix="#006633"/>
<columns background="#272727" text="#eeeeee"/>
<scrollbars background="#555555" text="#eeeeee"/>
<info background="#262626" text="#eeeeee" stripes="#101010"/>
<search background="#0b0b0b" text="#eeeeee"/>
<prelisten background="#0b0b0b" text="#eeeeee"/>
</colors>

</browser> 	   



<browser panel="browser_zoom" showzoom="true">
 <pos x="4" y="259"/>
  <size width="1912" height="807"/>
   <colors background="#0b0b0b" text="#eeeeee">
<toolbars background="#262626" text="#eeeeee"  iconbackground="#101010" border="#101010"/>
<lists background="#0b0b0b" stripes="#262626" text="#eeeeee" over="#0b0b0b" overstripes="#262626" focus="#006633" button="#262626" buttonactive="#006633" automix="#006633"/>
<grids background="#0b0b0b" stripes="#262626" text="#eeeeee" over="#0b0b0b" overstripes="#262626" focus="#006633" button="##262626" buttonactive="#006633" automix="#006633"/>
<columns background="#262626" text="#eeeeee"/>
<scrollbars background="#555555" text="#eeeeee"/>
<info background="#262626" text="#eeeeee" stripes="#101010"/>
<search background="#0b0b0b" text="#eeeeee"/>
<prelisten background="#0b0b0b" text="#eeeeee"/>
</colors>

</browser> 	   



<tooltip size="14" color="#000000" back="#fbf9e0" shortcut="#58595b" />


  

- limiter -
  


<visual type="transparent" source="get_limiter">
				<pos x="1538" y="19"/>
				<tooltip>Limiter</tooltip>
				<size width="18" height="18"/>
				<off shape="circle" color="#303030" border_size="3" border="black"/>
				<on shape="circle" color="red" border_size="3" border="black"/>
			</visual>

----------------------------------------------efectos---------------------------------------------------------------------


<button panel="browser" action="deck left effect 1 active" rightclick="temporary">
  <size width="86" height="22"/>
  <pos x="125" y="307"/>
  <selected color="#0066cc"/>
  <over color="#262626"/>
  <text dx="0" dy="0" font="arial" size="17" color="#eeeeee" weight="bold" align="center" format="%effectslot1" scroll="yes"/>
</button>


<button panel="browser" action="deck left effect 1 select">
  <size width="28" height="28"/>
  <pos x="97" y="304"/>
  <selected x="89" y="1434"/>
  <over x="84" y="991"/>
</button>

<button panel="browser" deck="left" action="effect 1 show_gui">
  <pos x="211" y="304"/>
  <size width="28" height="28"/>
  <over x="115" y="991"/>
<selected x="115" y="991"/>
 </button>





<slider panel="browser" deck="left" orientation="round" action="effect_slider 1" dblclick="effect_slider_reset 1" disabled="not effect_has_slider 1">
  <size width="39" height="39"/>
  <pos x="110" y="345"/>
  <off width="39" height="39" shape="circle" color="#262626" color2="#363636" gradient="vertical" border="black" border_size="3"/>
					<fader color="#eeeeee" width="4" height="17" radius="2" anglemin="-130" anglemax="130"/>
</slider>
<textzone panel="browser" deck="left">
	<size width="50" height="20"/>
	<pos x="110" y="388"/>
	<text font="arial" dx="-10" dy="0" size="16" font="arial" color="#eeeeee" weight="bold" align="center" action="get_effect_slider_text 1"></text>
</textzone>


<slider panel="browser" deck="left" orientation="round" action="effect_slider 2" dblclick="effect_slider_reset 2" disabled="not effect_has_slider 2">
  <size width="39" height="39"/>
  <pos x="186" y="345"/>
  <off width="39" height="39" shape="circle" color="#262626" color2="#363636" gradient="vertical" border="black" border_size="3"/>
					<fader color="#eeeeee" width="4" height="17" radius="2" anglemin="-130" anglemax="130"/>

</slider>
<textzone panel="browser" deck="left">
	<size width="50" height="20"/>
	<pos x="186" y="388"/>
	<text font="arial" dx="-10" dy="0" size="16" font="arial" color="#eeeeee" weight="bold" align="center" action="get_effect_slider_text 2"></text>
</textzone>



---------------------------------------




<button panel="browser" action="deck right effect 1 active" rightclick="temporary">
  <size width="86" height="22"/>
  <pos x="1709" y="307"/>
  <selected color="#cc0000"/>
  <over color="#262626"/>
  <text dx="0" dy="0" size="17" font="arial" color="#eeeeee" weight="bold" align="center" format="%effectslot1" scroll="yes"/>
</button>



<button panel="browser" action="deck right effect 1 select">
  <pos x="1681" y="304"/>
  <size width="28" height="28"/>
  <over x="84" y="991"/>
<selected x="277" y="1304"/>
</button>

<button panel="browser" deck="right" action="effect 1 show_gui">
  <pos x="1795" y="304"/>
  <size width="28" height="28"/>
  <over x="115" y="991"/>
<selected x="115" y="991"/>
 </button>


<slider panel="browser" deck="right" orientation="round" action="effect_slider 1" dblclick="effect_slider_reset 1" disabled="not effect_has_slider 1">
  <size width="39" height="39"/>
  <pos x="1694" y="345"/>
  <off width="39" height="39" shape="circle" color="#262626" color2="#363636" gradient="vertical" border="black" border_size="3"/>
					<fader color="#eeeeee" width="4" height="17" radius="2" anglemin="-130" anglemax="130"/>

</slider>
<textzone panel="browser" deck="right">
	<size width="50" height="20"/>
	<pos x="1694" y="388"/>
	<text font="arial" dx="-10" dy="0" size="16" font="arial" color="#eeeeee" weight="bold" align="center" action="get_effect_slider_text 1"></text>
</textzone>


<slider panel="browser" deck="right" orientation="round" action="effect_slider 2" dblclick="effect_slider_reset 2" disabled="not effect_has_slider 2">
  <size width="39" height="39"/>
  <pos x="1770" y="345"/>
  <off width="39" height="39" shape="circle" color="#262626" color2="#363636" gradient="vertical" border="black" border_size="3"/>
					<fader color="#eeeeee" width="4" height="17" radius="2" anglemin="-130" anglemax="130"/>

</slider>
<textzone panel="browser" deck="right">
	<size width="50" height="20"/>
	<pos x="1770" y="388"/>
	<text font="arial" dx="-10" dy="0" size="16" font="arial" color="#eeeeee" weight="bold" align="center" action="get_effect_slider_text 2"></text>
</textzone>



-------------------ZOOM---------------------------------

<button action="zoom +2% &amp; zoom_scratch +2%" rightclick="zoom +2% &amp; zoom_scratch +2%">
	  <pos x="580" y="14"/>
          <size width="25" height="24"/>
          
        <over color="#262626"/>
          
	  <text dx="0" dy="0" font="arial"  size="22" weight="bold" align="center" color="#eeeeee"  format="<"/>
	</button>

<button action="zoom 0.298856 &amp; zoom_scratch 0.298856" rightclick="zoom 0.298856 &amp; zoom_scratch 0.298856">
	  <pos x="607" y="14"/>
          <size width="52" height="24"/>
          
        <over color="#262626"/>
          
	  <text dx="0" dy="0" font="arial"  size="17" weight="bold" align="center" color="#eeeeee" format="Zoom"/>
	</button>



<button action="zoom -2% &amp; zoom_scratch -2%" rightclick="zoom -2% &amp; zoom_scratch -2%">
	  <pos x="661" y="14"/>
          <size width="25" height="24"/>
          
        <over color="#262626"/>
          
	  <text dx="0" dy="0" font="arial"  size="22" weight="bold" align="center" color="#eeeeee"  format=">"/>
	</button>

---------------------------------grid----------------------------------------

<button action="adjust_cbg -0.05" rightclick="adjust_cbg -0.05">
	  <pos x="1234" y="14"/>
          <size width="25" height="24"/>
          
        <over color="#262626"/>
          
	  <text dx="0" dy="0" font="arial"  size="22" weight="bold" align="center" color="#eeeeee" format="<"/>
	</button>

<button action="set_firstbeat" rightclick="set_firstbeat">
	  <pos x="1261" y="14"/>
          <size width="52" height="24"/>
        
        <over color="#262626"/>
          
	  <text dx="0" dy="0" font="arial"  size="17" weight="bold" align="center" color="#eeeeee"  format="Grid"/>
	</button>


<button action="adjust_cbg +0.05" rightclick="adjust_cbg +0.05">
	  <pos x="1315" y="14"/>
          <size width="25" height="24"/>
        
        <over color="#262626"/>
          
	  <text dx="0" dy="0" font="arial"  size="22" weight="bold" align="center" color="#eeeeee"  format=">"/>
	</button>





------------------------------level-----------------------------



<slider panel="audiomixer" action="deck left level" orientation="vertical" dblclick="deck left level 100%" rightclick="temporary">
	<size width="38" height="142"/>
	<pos x="824" y="162"/>
	<fader>
		<size width="44" height="18"/>
		<pos x="30" y="731"/>
	</fader>
</slider>
<textzone panel="audiomixer">
	<size width="46" height="17"></size>
	<pos x="819" y="308"></pos>
        <text dx="0" dy="0" font="arial"  size="11" align="center" weight="bold" color="#eeeeee" format="VOLUME"></text>
	
</textzone>

<slider panel="audiomixer" action="deck right level" orientation="vertical" dblclick="deck right level 100%" rightclick="temporary">
	<size width="38" height="142"/>
	<pos x="1058" y="162"/>
	<fader>
		<size width="44" height="18"/>
		<pos x="30" y="731"/>
	</fader>
</slider>
<textzone panel="audiomixer">
	<size width="46" height="17"></size>
	<pos x="1054" y="308"></pos>
        <text dx="0" dy="0" font="arial"  size="11" align="center" weight="bold" color="#eeeeee" format="VOLUME"></text>
	
</textzone>

<slider panel="audiomixer" action="crossfader" orientation="horizontal" dblclick="crossfader 50%" rightclick="temporary">
	<size width="128" height="38"/>
	<pos x="895" y="342"/>
	<fader>
		<size width="18" height="38"/>
		<pos x="84" y="703"/>
	</fader>
</slider>
<textzone panel="audiomixer">
	<size width="70" height="17"></size>
	<pos x="923" y="387"></pos>
        <text dx="0" dy="0" font="arial"  size="11" align="center" weight="bold" color="#eeeeee" format="CROSSFADER"></text>
	
</textzone>



----------PFL-------------


<button panel="audiomixer" action="deck left pfl" >
	<size width="37" height="37"/>
	<pos x="714" y="353"/>
	<text dx="0" dy="0" font="arial" size="28" align="center" weight="bold" color="#eeeeee" action="get_deck"></text>
        
        <selected color="#0066cc"/>
        <over color="#262626"/>
</button>
<textzone panel="audiomixer">
	<size width="46" height="17"></size>
	<pos x="710" y="395"></pos>
        <text dx="0" dy="0" font="arial"  size="14" align="center" weight="bold" color="#eeeeee" format="PFL"></text>
	
</textzone>


<button panel="audiomixer" action="deck right pfl" >
	<size width="37" height="37"/>
	<pos x="1170" y="353"/>
	<text dx="0" dy="0" font="arial" size="28" align="center" weight="bold" color="#eeeeee" action="get_deck"></text>
        
        <selected color="#cc0000"/>
        <over color="#262626"/>
</button>
<textzone panel="audiomixer">
	<size width="46" height="17"></size>
	<pos x="1165" y="395"></pos>
        <text dx="0" dy="0" font="arial"  size="14" align="center" weight="bold" color="#eeeeee" format="PFL"></text>
	
</textzone>



Skin created by Fandos dj remix by dj Santi
==Km5vX2VtYWlsKjEzNjZ4NzY4KlNpbXBsZSoyMDE5LTA2LTIy=
</Skin>



















