<?xml version="1.0" encoding="UTF-8"?>
<mapper device="KEYBOARD" author="Atomix Productions" version="830" date="2022-09-29">
	<map value="TAB" action="deck active select" />
	<map value="CTRL+TAB" action="sideview +1" />
	<map value="CTRL+SHIFT+TAB" action="sideview -1" />
	<map value="SPACE" action="play_pause" />
	<map value="SHIFT+SPACE" action="sync" />
	<map value="ALT+SPACE" action="mix_now" />
	<map value="CTRL+SPACE" action="automix" />
	<map value="NUM-" action="pitch -0.05" />
	<map value="NUM+" action="pitch +0.05" />
	<map value="SHIFT+NUM-" action="pitch -0.01" />
	<map value="SHIFT+NUM+" action="pitch +0.01" />
	<map value="CTRL+NUM-" action="pitch -0.2" />
	<map value="CTRL+NUM+" action="pitch +0.2" />
	<map value="NUM*" action="pitch 100%" />
	<map value="CTRL+NUM*" action="pitch_reset" />
	<map value="LEFT" action="nudge +10ms" />
	<map value="RIGHT" action="nudge -10ms" />
	<map value="SHIFT+LEFT" action="pitch_bend +5%" />
	<map value="SHIFT+RIGHT" action="pitch_bend -5%" />
	<map value="PAGE.DOWN" action="crossfader -10%" />
	<map value="PAGE.UP" action="crossfader +10%" />
	<map value="CTRL+PAGE.DOWN" action="crossfader 0%" />
	<map value="CTRL+PAGE.UP" action="crossfader 100%" />
	<map value="ESCAPE" action="effect_active &quot;echo&quot; off &amp; loop_roll 0.2 &amp; deck default effect_active &quot;cut&quot; off &amp; deck active effect_active &quot;cut&quot; off &amp; deck default loop_exit &amp; deck active loop_exit &amp; reverse? reverse : effect_disable_all" />
	<map value="SHIFT+ESCAPE" action="settings" />
	<map value="1" action="loop 1" />
	<map value="2" action="sampler 2 play_stutter" />
	<map value="3" action="nothing" />
	<map value="4" action="loop 4" />
	<map value="5" action="loop 8" />
	<map value="6" action="loop 16" />
	<map value="7" action="loop 32" />
	<map value="8" action="loop_half" />
	<map value="9" action="loop_double" />
	<map value="0" action="reloop" />
	<map value="ALT+1" action="goto_cue 1" />
	<map value="ALT+2" action="goto_cue 2" />
	<map value="ALT+3" action="goto_cue 3" />
	<map value="ALT+4" action="goto_cue 4" />
	<map value="ALT+5" action="goto_cue 5" />
	<map value="ALT+6" action="goto_cue 6" />
	<map value="ALT+7" action="goto_cue 7" />
	<map value="ALT+8" action="goto_cue 8" />
	<map value="ALT+9" action="goto_cue 9" />
	<map value="ALT+0" action="goto_cue 10" />
	<map value="CTRL+1" action="set_cue 1" />
	<map value="CTRL+2" action="set_cue 2" />
	<map value="CTRL+3" action="set_cue 3" />
	<map value="CTRL+4" action="set_cue 4" />
	<map value="CTRL+5" action="set_cue 5" />
	<map value="CTRL+6" action="set_cue 6" />
	<map value="CTRL+7" action="set_cue 7" />
	<map value="CTRL+8" action="set_cue 8" />
	<map value="CTRL+9" action="set_cue 9" />
	<map value="CTRL+0" action="set_cue 10" />
	<map value="F1" action="sampler 1 play_stutter" />
	<map value="F2" action="sampler 2 play_stutter" />
	<map value="F3" action="sampler 3 play_stutter" />
	<map value="F4" action="sampler 4 play_stutter" />
	<map value="F5" action="sampler 5 play_stutter" />
	<map value="F6" action="sampler 6 play_stutter" />
	<map value="F7" action="sampler 7 play_stutter" />
	<map value="F8" action="sampler 8 play_stutter" />
	<map value="F9" action="sampler 9 play_stutter" />
	<map value="F10" action="sampler 10 play_stutter" />
	<map value="F11" action="sampler 11 play_stutter" />
	<map value="F12" action="sampler 12 play_stutter" />
	<map value="SHIFT+F1" action="sampler 1 play while_pressed" />
	<map value="SHIFT+F2" action="sampler 2 play while_pressed" />
	<map value="SHIFT+F3" action="sampler 3 play while_pressed" />
	<map value="SHIFT+F4" action="sampler 4 play while_pressed" />
	<map value="SHIFT+F5" action="sampler 5 play while_pressed" />
	<map value="SHIFT+F6" action="sampler 6 play while_pressed" />
	<map value="SHIFT+F7" action="sampler 7 play while_pressed" />
	<map value="SHIFT+F8" action="sampler 8 play while_pressed" />
	<map value="SHIFT+F9" action="sampler 9 play while_pressed" />
	<map value="SHIFT+F10" action="sampler 10 play while_pressed" />
	<map value="SHIFT+F11" action="sampler 11 play while_pressed" />
	<map value="SHIFT+F12" action="sampler 12 play while_pressed" />
	<map value="P" action="cue_stop &amp; key_move +1 " />
	<map value="SHIFT+P" action="play while_pressed" />
	<map value="S" action="stop &amp; level 100% &amp; loop_exit &amp; effect_active &apos;cut&apos; off &amp; effect_active &apos;echo&apos; off 1 &amp; delete_cue 8 &amp; delete_cue 7 &amp; delete_cue 6 &amp; reverse? reverse : nothing " />
	<map value="C" action="cue_stop &amp; level 100% &amp; deck active level 100% while_pressed" />
	<map value="CTRL+F" action="search" />
	<map value="CTRL+BACK" action="goto_last_folder" />
	<map value="CTRL+V" action="video" />
	<map value="DELETE" action="effect_active &apos;cut&apos;  while_pressed &amp; video_fx &quot;spectral&quot; while_pressed" />
	<map value="-" action="record" />
	<map value="CTRL+-" action="mic &amp; deck default level 100% ? deck default level 30% &amp; deck active level 30% : deck default level 100% &amp; deck active level 100%" />
	<map value="\" action="deck default filter 70% &amp; deck default filter 70% ? deck default level 85% &amp; play? nothing" />
	<map value="]" action="deck default load" />
	<map value="[" action="effect_active &quot;BrakeStart&quot; 1 while_pressed &amp; play ? goto_cue 1" />
	<map value="O" action="hot_cue 7 &amp; level 100% while_pressed &amp; down ? level 5% : level -4%" />
	<map value="CTRL+I" action="deck active stop &amp; deck default hot_cue 1 &amp; deck default level 100% &amp; deck default level% &amp; deck default filter 50%" />
	<map value="ALT+I" action="effect_active off &amp; video_crossfader 100% &amp; pause &amp; scratch +60ms &amp; goto_cue &amp; deck 1 volume 99% &amp; deck 1 filter 75% while_pressed &amp; deck 1 padfx &quot;cut&quot; 80% 60% smart_pressed &amp; volume 99%
" />
	<map value="U" action="goto bar 1 &amp; hot_cue 7 &amp; level -1 " />
	<map value="ALT+U" action=" up ? deck default level 0% : deck default filter 70% &amp; deck default level 85% &amp; deck default goto bar 1 &amp; hot_cue 7 &amp; level -1" />
	<map value="Y" action="level 100% while_pressed &amp; up ? level 75% &amp; filter -2%" />
	<map value="CTRL+Y" action="level 100% while_pressed &amp; up ? level 75% &amp; filter +2%" />
	<map value="ALT+Y" action="goto_cue 7 &amp; level 100% while_pressed &amp; up ? level 75% &amp; filter +2% " />
	<map value="T" action="up ? level 0% : deck default filter 70% &amp; level 85%" />
	<map value="CTRL+T" action="level 100% ? up ?  level 0% : level 0% : level 100 &amp; down ? filter -0.01" />
	<map value="ALT+T" action="key 0 &amp; goto_cue &amp; play &amp; effect &quot;cut&quot; active off" />
	<map value="R" action="up ? deck active level 0% : deck active filter 50% &amp; level 100%" />
	<map value="CTRL+R" action="level 100% while_pressed &amp; down ? level 5% : level -3%" />
	<map value="ALT+R" action="play ? up ? level 0% : deck default filter 50% &amp; level 100% : " />
	<map value="L" action="deck default play ? stop &amp; goto_cue 7 : down? scratch +60ms &amp; deck active level 90% : scratch -60ms &amp; deck active level 100%" />
	<map value="CTRL+L" action="deck active level 0% while_pressed &amp; down ? deck default scratch +60ms &amp; deck active level 90% &amp; video_transition_select strobe :  deck default has_cue 7 ? deck default goto_cue 7 : deck default goto_cue 1 &amp; deck active level 100%" />
	<map value="ALT+L" action="deck activEe level 10% while_pressed &amp; down ? deck default scratch +20ms &amp; deck active level 90% : deck default scratch -20ms &amp; deck activeE level 100%" />
	<map value="J" action="key 0 &amp; level 100% &amp; cue_play &amp; deck default filter 70% ? deck default level 85% " />
	<map value="CTRL+J" action="effect_active &quot;Beat Grid&quot; off  while_pressed  &amp; cue_play" />
	<map value="H" action="effect_active &apos;backspin&apos; off &amp; deck default hot_cue 1 &amp; effect_active &apos;echo&apos; off &amp; effect_active &apos;reverb&apos; off &amp; deck default level &amp; effect_active &apos;backspin&apos; off &amp; key 0 &amp; delete_cue 6 &amp; delete_cue 7 &amp; deck active effect_active &quot;cut&quot; off &amp; deck default level 100%" />
	<map value="CTRL+H" action=" loop_roll 0.2 &amp; play while_pressed &amp;  deck active effect_active &quot;cut&quot; &amp; up ? play &amp; deck active effect_active &quot;cut&quot; off" />
	<map value="F" action="crossfader 50% &amp; deck active level 100% &amp; deck default filter 50% &amp; eq_low 50% &amp; deck default level 100%" />
	<map value="A" action="touchwheel_touch &amp; level 100% &amp; filter 50%" />
	<map value="CTRL+S" action="hot_cue 1 &amp; effect_active &apos;echo&apos; off &amp; effect_active &apos;reverb&apos; off &amp; deck default level" />
	<map value="CTRL+Z" action=" pause &amp; scratch_dna &apos;-Z&apos;" />
	<map value="Z" action="effect_active &quot;backspin&quot; while_pressed &amp; up ? has_cue 7 ? hot_cue 7 : hot_cue 1 &amp; effect_active &quot;backspin&quot; off &amp; default deck level 100%" />
	<map value="X" action="reverse while_pressed &amp; effect_active &quot;backspin&quot; 1 while_pressed &amp; up ? deck default has_cue 7 ? deck default goto_cue 7 : deck default goto_cue 1 &amp; deck active level 100% : nothing" />
	<map value="CTRL+X" action="effect_active &quot;backspin&quot; while_pressed &amp; up ? goto_cue 1" />
	<map value="ALT+X" action="effect_active &quot;backspin&quot; 1 while_pressed &amp; level 100% while_pressed &amp; up ? level 75% &amp; filter +2%  &amp; hot_cue " />
	<map value="CTRL+C" action="cue_play" />
	<map value="ALT+C" action="cue_stop" />
	<map value="V" action="level 0% while_pressed" />
	<map value="ALT+V" action="level -2 down ?  level 85% : level 0%" />
	<map value="B" action="deck default effect_active &quot;backspin&quot; off &amp; deck default has_cue 7 ? deck default hot_cue 7 &amp; deck default level 100% : deck default hot_cue 1 &amp; deck active level 100% " />
	<map value="CTRL+B" action="deck default effect_active &quot;backspin&quot; ?  up ? level 0% : deck default filter 70% &amp; level 85% : effect_active &quot;backspin&quot; on &amp; deck active level 100% " />
	<map value="N" action="cue_play &amp; filter 50% while_pressed  &amp; deck active level 0% while_pressed &amp; deck default level 100% &amp; holding 3000ms ? deck 1 stop" />
	<map value="CTRL+N" action="cue_play &amp; filter 50% while_pressed  &amp; deck active level 0% while_pressed &amp; deck default level 100% &amp; holding 3000ms ? deck active " />
	<map value="M" action=" reverse while_pressed &amp; down ? nothing : hot_cue 2 &amp; level -4" />
	<map value="CTRL+M" action="Only_stem vocal &amp; mute_stem vocal" />
	<map value="Caps Lock" action="play ? effect_active &apos;echo&apos; ? pause : effect_active &apos;echo&apos; &amp; level 80% : effect_active &apos;echo&apos; off &amp; hot_cue 1 &amp; volume 100%" />
	<map value="CTRL+Caps Lock" action="down ? effect_active &apos;echo&apos; &amp; level 80% : pause &amp; volume 100%" />
	<map value="`" action="goto_cue -1" />
	<map value="SHIFT+TAB" action="sampler_bank" />
	<map value="CTRL+UP" action="search" />
	<map value="SHIFT+ALT" action="deck active pitch +0.001 &amp; deck default pitch +0.001 " />
	<map value="CTRL+ALT" action="deck active pitch -0.001 &amp; deck default pitch -0.001 " />
	<map value="ALT+UP" action="tag_editor" />
</mapper>
